clave,descripcion,clase_o_division,peligro_secundario,nombre_tecnico
0004,"PICRATO AMÓNICO seco o humedecido con menos del 10%, en masa, de agua",1.1D,,
0005,"CARTUCHOS PARA ARMAS, con carga explosiva",1.1F,,
0006,"CARTUCHOS PARA ARMAS, con carga explosiva",1.1E,,
0007,"CARTUCHOS PARA ARMAS, con carga explosiva",1.2F,,
0009,"MUNICIONES INCENDIARIAS con o sin carga dispersora, carga expulsora o carga propulsora",1.2G,,
0010,"MUNICIONES INCENDIARIAS con o sin carga dispersora, carga expulsora o carga propulsora",1.3G,,
0012,"CARTUCHOS PARA ARMAS, CON PROYECTIL INERTE, o CARTUCHOS PARA ARMAS DE PEQUEÑO CALIBRE",1.4S,,
0014,"CARTUCHOS DE FOGUEO PARA ARMAS, o CARTUCHOS DE FOGUEO PARA ARMAS DE PEQUEÑO CALIBRE, o CARTUCHOS SIN CARGA PARA HERRAMIENTAS",1.4S,,
0015,"MUNICIONES FUMÍGENAS con o sin carga dispersora, carga expulsora o carga propulsora",1.2G,,
0016,"MUNICIONES FUMÍGENAS con o sin carga dispersora, ca rga expulsora o carga propulsora",1.3G,,
0018,"MUNICIONES LACRIMÓGENAS con carga dispersora, carga expulsora o carga propulsora",1.2G,6.1\n8,
0019,"MUNICIONES LACRIMÓGENAS con carga dispersora, carga expulsora o carga propulsora",1.3G,6.1\n8,
0020,"MUNICIONES TÓXICAS con carga dispersora, carga expulsora o carga propulsora",1.2K,6.1,"Substancias y objetos que presentan un riesgo de proyección, pero no de\nexplosión de la totalidad de la masa."
0021,"MUNICIONES TÓXICAS con carga dispersora, carga expulsora o carga propulsora",1.3K,6.1,"Substancias y objetos que presentan un riesgo de incendio y un riesgo de que se produzcan pequeños efectos de onda expansiva o de proyección o de ambos, pero no de explosión de la totalidad de la masa."
0027,PÓLVORA NEGRA (PÓLVORA DE CAÑÓN) en forma de granos o polvo,1.1D,,
0028,PÓLVORA NEGRA (PÓLVORA DE CAÑÓN) COMPRIMIDA o PÓLVORA NEGRA (PÓLVORA DE CAÑÓN) EN COMPRIMIDOS,1.1D,,
0029,DETONADORES NO ELÉCTRICOS para voladuras,1.1B,,
0030,DETONADORES ELÉCTRICOS para voladuras,1.1B,,
0033,BOMBAS con carga explosiva,1.1F,,
0034,BOMBAS con carga explosiva,1.1D,,
0035,BOMBAS con carga explosiva,1.2D,,
0037,BOMBAS DE ILUMINACIÓN PARA FOTOGRAFÍA,1.1F,,
0038,BOMBAS DE ILUMINACIÓN PARA FOTOGRAFÍA,1.1D,,
0039,BOMBAS DE ILUMINACIÓN PARA FOTOGRAFÍA,1.2G,,
0042,MULTIPLICADORES sin detonador,1.1D,,
0043,CARGAS DISPERSORAS,1.1D,,
0044,CEBOS DEL TIPO DE CÁPSULA,1.4S,,
0048,CARGAS DE DEMOLICIÓN,1.1D,,
0049,CARTUCHOS FULGURANTES,1.1G,,
0050,CARTUCHOS FULGURANTES,1.3G,,
0054,CARTUCHOS DE SEÑALES,1.3G,,
0055,"VAINAS DE CARTUCHOS VACÍOS, CON CEBO",1.4S,,
0056,CARGAS DE PROFUNDIDAD,1.1D,,
0059,CARGAS HUECAS sin detonador,1.1D,,
0060,CARGAS EXPLOSIVAS PARA MULTIPLICADORES,1.1D,,
0065,MECHA DETONANTE flexible,1.1D,,
0066,MECHA DE COMBUSTIÓN RÁPIDA,1.4G,,
0070,CORTACABLES CON CARGA EXPLOSIVA,1.4S,,
0072,"CICLOTRIMETILEN-TRINITRAMINA (CICLONITA; RDX; HEXÓGENO) HUMEDECIDA con un mínimo del 15%, en masa, de agua",1.1D,,
0073,DETONADORES PARA MUNICIONES,1.1B,,
0074,"DIAZODINITROFENOL HUMEDECIDO con un mínimo del 40%, en masa, de agua o de una mezcla de alcohol y agua",1.1A,,
0075,"DINITRATO DE DIETILENGLICOL DESENSIBILIZADO con un mínimo del 25%, en masa, de flemador no volátil insoluble en agua",1.1D,,
0076,"DINITROFENOL seco o humedecido con menos del 15%, en masa, de agua",1.1D,6.1,
0077,"DINITROFENOLATOS de metales alcalinos, secos o humedecidos con menos del 15%, en masa, de agua",1.3C,6.1,
0078,"DINITRORRESORCINOL seco o humidificado con menos del 15%, en masa, de agua",1.1D,,
0079,HEXANITRODIFENILAMINA (DIPICRILAMINA; HEXILO),1.1D,,
0081,"EXPLOSIVOS PARA VOLADURAS, TIPO A",1.1D,,
0082,"EXPLOSIVOS PARA VOLADURAS, TIPO B",1.1D,,
0083,"EXPLOSIVOS PARA VOLADURAS, TIPO C",1.1D,,
0084,"EXPLOSIVOS PARA VOLADURAS, TIPO D",1.1D,,
0092,BENGALAS DE SUPERFICIE,1.3G,,
0093,BENGALAS AÉREAS,1.3G,,
0094,PÓLVORA DE DESTELLOS,1.1G,,
0099,"DISPOSITIVOS EXPLOSIVOS DE FRACTURACIÓN sin detonador, para pozos de petróleo",1.1D,,
0101,MECHA NO DETONANTE,1.3G,,
0102,MECHA DETONANTE con envoltura metálica,1.2D,,
0103,"MECHA DE IGNICIÓN, tubular, con envoltura metálica",1.4G,,
0104,"MECHA DETONANTE DE EFECTO REDUCIDO, con envoltura metálica",1.4D,,
0105,MECHA DE SEGURIDAD (MECHA LENTA o MECHA BICKFORD),1.4S,,
0106,ESPOLETAS DETONANTES,1.1B,,
0107,ESPOLETAS DETONANTES,1.2B,,
0110,"GRANADAS DE EJERCICIOS, de mano o de fusil",1.4S,,
0113,"GUANILNITROSAMINO- GUANILIDENHIDRACINA HUMIDIFICADA con un mínimo del 30%, en masa, de agua",1.1A,,
0114,"GUANILNITROSAMINO- GUANILTETRACENO (TETRACENO) HUMEDECIDA con un mínimo del 30%, en masa, de agua o de una mezcla de alcohol y agua",1.1A,,
0118,"HEXOLITA (HEXOTOL) seca o HUMEDECIDA con menos del 15%, en masa, de agua",1.1D,,
0119,"SOLUCIONES PARA REVESTIMIENTOS (comprende los tratamientos de superficie o los revestimientos utilizados con fines industriales o de otra índole como revestimiento de bajos de vehículos, de bidones o de toneles)",3,,
0121,INFLAMADORES,1.1G,,
0124,"DISPOSITIVOS PORTADORES DE CARGAS HUECAS, CARGADOS, para perforación de pozos de petróleo, sin detonador",1.1D,,
0129,"AZIDA DE PLOMO HUMEDECIDA con un mínimo del 20%, en masa, de agua o de una mezcla de alcohol y agua",1.1A,,
0130,ESTIFNATO DE PLOMO (TRINITRORRESORCINATO DE PLOMO) HUMEDECIDO,1.1A,,
0131,INICIADOR PARA MECHAS DE SEGURIDAD,1.4S,,
0132,"SALES METÁLICAS DEFLAGRANTES DE DERIVADOS NITRADOS AROMÁTICOS, N.E.P.",1.3C,,"Substancias y objetos que presentan un riesgo de incendio y un riesgo de que se produzcan pequeños efectos de onda expansiva o de proyección o de ambos, pero no de explosión de la totalidad de la masa."
0133,"HEXANITRATO DE MANITOL (NITROMANITA) HUMEDECIDO con un mínimo del 40%, en masa, de agua o de una mezcla de alcohol y agua",1.1D,,
0135,"FULMINATO DE MERCURIO HUMEDECIDO con un mínimo del 20%, en masa, de agua o de una mezcla de alcohol y agua",1.1A,,
0136,MINAS con carga explosiva,1.1F,,
0137,MINAS con carga explosiva,1.1D,,
0138,MINAS con carga explosiva,1.2D,,
0143,"NITROGLICERINA DESENSIBILIZADA con un mínimo del 40%, en masa, de flemador no volátil insoluble en agua",1.1D,6.1,
0144,NITROGLICERINA EN SOLUCIÓN ALCOHÓLICA con más del 1% pero no más del 10% de nitroglicerina,1.1D,,
0146,"NITROALMIDÓN seco o humedecido con menos del 20%, en masa, de agua",1.1D,,
0147,NITROUREA,1.1D,,
0150,"TETRANITRATO DE PENTAERITRITA (TETRANITRATO DE PENTAERITRITOL; PENTRITA; TNPE) HUMEDECIDO con un mínimo del 25%, en masa, de agua o TETRANITRATO DE PENTAERITRITA (TETRANITRATO DE PENTAERITRITOL; PENTRITA; TNPE) DESENSIBILIZADO con un mínimo del 15 %, en masa, de flemador",1.1D,,
0151,"PENTOLITA seca o humidificada1 con menos del 15%, en masa, de agua",1.1D,,
0153,TRINITROANILINA (PICRAMIDA),1.1D,,
0154,"TRINITROFENOL (ÁCIDO PÍCRICO) seco o humedecido con menos del 30%, en masa, de agua",1.1D,,
0155,TRINITROCLOROBENCENO (CLORURO DE PICRILO),1.1D,,
0159,"GALLETA DE PÓLVORA HUMEDECIDA con un mínimo del 25%, en masa, de agua",1.3C,,
0160,PÓLVORA SIN HUMO,1.1C,,
0161,PÓLVORA SIN HUMO,1.3C,,
0167,PROYECTILES con carga explosiva,1.1F,,
0168,PROYECTILES con carga explosiva,1.1D,,
0169,PROYECTILES con carga explosiva,1.2D,,
0171,"MUNICIONES ILUMINANTES con o sin carga dispersora, carga expulsora o carga propulsora",1.2G,,
0173,CARGAS EXPLOSIVAS DE SEPARACIÓN,1.4S,,
0174,REMACHES EXPLOSIVOS,1.4S,,
0180,COHETES con carga explosiva,1.1F,,
0181,COHETES con carga explosiva,1.1E,,
0182,COHETES con carga explosiva,1.2E,,
0183,COHETES con cabeza inerte,1.3C,,
0186,MOTORES DE COHETE,1.3C,,
0190,"MUESTRAS DE EXPLOSIVOS, excepto los explosivos iniciadores",,,Explosivos.
0191,ARTIFICIOS MANUALES DE PIROTECNIA PARA SEÑALES,1.4G,,
0192,"PETARDOS DE SEÑALES PARA FERROCARRILES, EXPLOSIVOS",1.1G,,
0193,"PETARDOS DE SEÑALES PARA FERROCARRILES, EXPLOSIVOS",1.4S,,
0194,SEÑALES DE SOCORRO para barcos,1.1G,,
0195,SEÑALES DE SOCORRO para barcos,1.3G,,
0196,SEÑALES FUMÍGENAS,1.1G,,
0197,SEÑALES FUMÍGENAS,1.4G,,
0204,CARGAS EXPLOSIVAS PARA SONDEOS,1.2F,,
0207,TETRANITROANILINA,1.1D,,
0208,TRINITROFENILMETILNITRAMINA (TETRILO),1.1D,,
0209,"TRINITROTOLUENO (TNT) seco o humedecido con menos del 30%, en masa, de agua",1.1D,,
0212,TRAZADORES PARA MUNICIONES,1.3G,,
0213,TRINITROANISOL,1.1D,,
0214,"TRINITROBENCENO seco o humedecido con menos del 30%, en masa, de agua",1.1D,,
0215,"ÁCIDO TRINITROBENZOICO seco o humedecido con menos del 30%, en masa, de agua",1.1D,,
0216,TRINITRO-m-CRESOL,1.1D,,
0217,TRINITRONAFTALENO,1.1D,,
0218,TRINITROFENETOL,1.1D,,
0219,"TRINITRORRESORCINOL (TRINITRORRESORCINA; ÁCIDO ESTÍFNICO) seco o humedecido con menos del 20%, en masa, de agua o de una mezcla de alcohol y agua",1.1D,,
0220,"NITRATO DE UREA seco o humedecido con menos del 20%, en masa, de agua",1.1D,,
0221,"CABEZAS DE COMBATE PARA TORPEDOS, con carga explosiva",1.1D,,
0222,NITRATO AMÓNICO,1.1D,,
0224,"AZIDA DE BARIO seca o humedecida con menos del 50%, en masa, de agua",1.1A,6.1,
0225,MULTIPLICADORES CON DETONADOR,1.1B,,
0226,"CICLOTETRAMETILEN- TETRANITRAMINA (OCTÓGENO; HMX) HUMEDECIDO con un mínimo del 15%, en masa, de agua",1.1D,,
0234,"DINITRO-o-CRESOLATO SÓDICO seco o humedecido con menos del 15%, en masa, de agua",1.3C,,
0235,"PICRAMATO SÓDICO seco o humedecido con menos del 20%, en masa, de agua",1.3C,,
0236,"PICRAMATO DE CIRCONIO seco o humedecido con menos del 20%, en masa, de agua",1.3C,,
0237,MECHA DETONANTE PERFILADA FLEXIBLE,1.4D,,
0238,COHETES LANZACABOS,1.2G,,
0240,COHETES LANZACABOS,1.3G,,
0241,"EXPLOSIVOS PARA VOLADURAS, TIPO E",1.1D,,
0242,CARGAS PROPULSORAS DE ARTILLERÍA,1.3C,,
0243,"MUNICIONES INCENDIARIAS DE FÓSFORO BLANCO, con carga dispersora, carga expulsora o carga propulsora",1.2H,,
0244,"MUNICIONES INCENDIARIAS DE FÓSFORO BLANCO, con carga dispersora, carga expulsora o carga propulsora",1.3H,,
0245,"MUNICIONES FUMÍGENAS DE FÓSFORO BLANCO, con carga dispersora, carga expulsora o carga propulsora",1.2H,,
0246,"MUNICIONES FUMÍGENAS DE FÓSFORO BLANCO, con carga dispersora, carga expulsora o carga propulsora",1.3H,,
0247,"MUNICIONES INCENDIARIAS con líquido o gel, con carga dispersora, carga expulsora o carga propulsora",1.3J,,
0248,"DISPOSITIVOS ACTIVADOS POR EL AGUA, con carga dispersora, carga expulsora o carga propulsora",1.2L,,"Substancias y objetos que presentan un riesgo de proyección, pero no de\nexplosión de la totalidad de la masa."
0249,"DISPOSITIVOS ACTIVADOS POR EL AGUA, con carga dispersora, carga expulsora o carga propulsora",1.3L,,"Substancias y objetos que presentan un riesgo de incendio y un riesgo de que se produzcan pequeños efectos de onda expansiva o de proyección o de ambos, pero no de explosión de la totalidad de la masa."
0250,"MOTORES DE COHETE CON LÍQUIDOS HIPERGÓLICOS, con o sin carga expulsora",1.3L,,
0254,"MUNICIONES ILUMINANTES con o sin carga dispersora, carga expulsora o carga propulsora",1.3G,,
0255,DETONADORES ELÉCTRICOS para voladuras,1.4B,,
0257,ESPOLETAS DETONANTES,1.4B,,
0266,"OCTOLITA (OCTOL) seca o humedecida con menos del 15%, en masa, de agua",1.1D,,
0267,DETONADORES NO ELÉCTRICOS para voladuras,1.4B,,
0268,MULTIPLICADORES CON DETONADOR,1.2B,,
0271,CARGAS PROPULSORAS,1.1C,,
0272,CARGAS PROPULSORAS,1.3C,,
0275,CARTUCHOS DE ACCIONAMIENTO,1.3C,,
0276,CARTUCHOS DE ACCIONAMIENTO,1.4C,,
0277,CARTUCHOS PARA POZOS DE PETRÓLEO,1.3C,,
0278,CARTUCHOS PARA POZOS DE PETRÓLEO,1.4C,,
0279,CARGAS PROPULSORAS DE ARTILLERÍA,1.1C,,
0280,MOTORES DE COHETE,1.1C,,
0281,MOTORES DE COHETE,1.2C,,
0282,"NITROGUANIDINA (PICRITA) seca o humedecida) seca o con menos del 20%, en masa, de agua",1.1D,,
0283,MULTIPLICADORES sin detonador,1.2D,,
0284,"GRANADAS de mano o de fusil, con carga explosiva",1.1D,,
0285,"GRANADAS de mano o de fusil, con carga explosiva",1.2D,,
0286,"CABEZAS DE COMBATE PARA COHETES, con carga explosiva",1.1D,,
0287,"CABEZAS DE COMBATE PARA COHETES, con carga explosiva",1.2D,,
0288,MECHA DETONANTE PERFILADA FLEXIBLE,1.1D,,
0289,MECHA DETONANTE flexible,1.4D,,
0290,MECHA DETONANTE con envoltura metálica,1.1D,,
0291,BOMBAS con carga explosiva,1.2F,,
0292,"GRANADAS de mano o de fusil, con carga explosiva",1.1F,,
0293,"GRANADAS de mano o de fusil, con carga explosiva",1.2F,,
0294,MINAS con carga explosiva,1.2F,,
0295,COHETES con carga explosiva,1.2F,,
0296,CARGAS EXPLOSIVAS PARA SONDEOS,1.1F,,
0297,"MUNICIONES ILUMINANTES con o sin carga dispersora, carga expulsora o carga propulsora",1.4G,,
0299,BOMBAS DE ILUMINACIÓN PARA FOTOGRAFÍA,1.3G,,
0300,"MUNICIONES INCENDIARIAS con o sin carga dispersora, carga expulsora o carga propulsora",1.4G,,
0301,"MUNICIONES LACRIMÓGENAS con carga dispersora, carga expulsora o carga propulsora",1.4G,6.1\n8,
0303,"MUNICIONES FUMÍGENAS con o sin carga dispersora, carga expulsora o carga propulsora",1.4G,,
0305,PÓLVORA DE DESTELLOS,1.3G,,
0306,TRAZADORES PARA MUNICIONES,1.4G,,
0312,CARTUCHOS DE SEÑALES,1.4G,,
0313,SEÑALES FUMÍGENAS,1.2G,,
0314,INFLAMADORES,1.2G,,
0315,INFLAMADORES,1.3G,,
0316,ESPOLETAS DE IGNICIÓN,1.3G,,
0317,ESPOLETAS DE IGNICIÓN,1.4G,,
0318,"GRANADAS DE EJERCICIOS, de mano o de fusil",1.3G,,
0319,CEBOS TUBULARES,1.3G,,
0320,CEBOS TUBULARES,1.4G,,
0321,"CARTUCHOS PARA ARMAS, con carga explosiva",1.2E,,
0322,"MOTORES DE COHETE CON LÍQUIDOS HIPERGÓLICOS, con o sin carga expulsora",1.2L,,
0323,CARTUCHOS DE ACCIONAMIENTO,1.4S,,
0324,PROYECTILES con carga explosiva,1.2F,,
0325,INFLAMADORES,1.4G,,
0326,CARTUCHOS DE FOGUEO PARA ARMAS,1.1C,,
0327,"CARTUCHOS DE FOGUEO PARA ARMAS, o CARTUCHOS DE FOGUEO PARA ARMAS DE PEQUEÑO CALIBRE",1.3C,,
0328,"CARTUCHOS PARA ARMAS, CON PROYECTIL INERTE",1.2C,,
0329,TORPEDOS con carga explosiva,1.1E,,
0330,TORPEDOS con carga explosiva,1.1F,,
0331,"EXPLOSIVO PARA VOLADURAS, TIPO B",1.5D,,
0332,"EXPLOSIVO PARA VOLADURAS, TIPO E",1.5D,,
0333,ARTIFICIOS DE PIROTECNIA,1.1G,,
0334,ARTIFICIOS DE PIROTECNIA,1.2G,,
0335,ARTIFICIOS DE PIROTECNIA,1.3G,,
0336,ARTIFICIOS DE PIROTECNIA,1.4G,,
0337,ARTIFICIOS DE PIROTECNIA,1.4S,,
0338,"CARTUCHOS DE FOGUEO PARA ARMAS, o CARTUCHOS DE FOGUEO PARA ARMAS DE PEQUEÑO CALIBRE",1.4C,,
0339,"CARTUCHOS PARA ARMAS, CON PROYECTIL INERTE, o CARTUCHOS PARA ARMAS DE PEQUEÑO CALIBRE",1.4C,,
0340,"NITROCELULOSA seca o humedecida con menos del 25%, en masa, de agua (o de alcohol)",1.1D,,
0341,"NITROCELULOSA no modificada o plastificada con menos del 18%, en masa, de plastificante",1.1D,,
0342,"NITROCELULOSA HUMEDECIDA con un mínimo del 25%, en masa, de alcohol",1.3C,,
0343,"NITROCELULOSA PLASTIFICADA con un mínimo del 18%, en masa, de plastificante",1.3C,,
0344,PROYECTILES con carga explosiva,1.4D,,
0345,PROYECTILES inertes con trazador,1.4S,,
0346,PROYECTILES con carga dispersora o carga expulsora,1.2D,,
0347,PROYECTILES con carga dispersora o carga expulsora,1.4D,,
0348,"CARTUCHOS PARA ARMAS, con carga explosiva",1.4F,,
0349,"OBJETOS EXPLOSIVOS, N.E.P.",1.4S,,Substancias y objetos que no presentan un riesgo considerable.
0350,"OBJETOS EXPLOSIVOS, N.E.P.",1.4B,,Substancias y objetos que no presentan un riesgo considerable.
0351,"OBJETOS EXPLOSIVOS, N.E.P.",1.4C,,Substancias y objetos que no presentan un riesgo considerable.
0352,"OBJETOS EXPLOSIVOS, N.E.P.",1.4D,,Substancias y objetos que no presentan un riesgo considerable.
0353,"OBJETOS EXPLOSIVOS, N.E.P.",1.4G,,Substancias y objetos que no presentan un riesgo considerable.
0354,"OBJETOS EXPLOSIVOS, N.E.P.",1.1L,,Substancias y objetos que presentan un riesgo de explosión de la\ntotalidad de la masa.
0355,"OBJETOS EXPLOSIVOS, N.E.P.",1.2L,,"Substancias y objetos que presentan un riesgo de proyección, pero no de\nexplosión de la totalidad de la masa."
0356,"OBJETOS EXPLOSIVOS, N.E.P.",1.3L,,"Substancias y objetos que presentan un riesgo de incendio y un riesgo de que se produzcan pequeños efectos de onda expansiva o de proyección o de ambos, pero no de explosión de la totalidad de la masa."
0357,"SUBSTANCIAS EXPLOSIVAS, N.E.P.",1.1L,,Substancias y objetos que presentan un riesgo de explosión de la\ntotalidad de la masa.
0358,"SUBSTANCIAS EXPLOSIVAS, N.E.P.",1.2L,,"Substancias y objetos que presentan un riesgo de proyección, pero no de\nexplosión de la totalidad de la masa."
0359,"SUBSTANCIAS EXPLOSIVAS, N.E.P.",1.3L,,"Substancias y objetos que presentan un riesgo de incendio y un riesgo de que se produzcan pequeños efectos de onda expansiva o de proyección o de ambos, pero no de explosión de la totalidad de la masa."
0360,CONJUNTOS DE DETONADORES NO ELÉCTRICOS para voladuras,1.1B,,
0361,CONJUNTOS DE DETONADORES NO ELÉCTRICOS para voladuras,1.4B,,
0362,MUNICIONES DE EJERCICIOS,1.4G,,
0363,MUNICIONES PARA ENSAYOS,1.4G,,
0364,DETONADORES PARA MUNICIONES,1.2B,,
0365,DETONADORES PARA MUNICIONES,1.4B,,
0366,DETONADORES PARA MUNICIONES,1.4S,,
0367,ESPOLETAS DETONANTES,1.4S,,
0368,ESPOLETAS DE IGNICIÓN,1.4S,,
0369,"CABEZAS DE COMBATE PARA COHETES, con carga explosiva",1.1F,,
0370,"CABEZAS DE COMBATE PARA COHETES, con carga dispersora o carga expulsora",1.4D,,
0371,"CABEZAS DE COMBATE PARA COHETES, con carga dispersora o carga expulsora",1.4F,,
0372,"GRANADAS DE EJERCICIOS, de mano o de fusil",1.2G,,
0373,ARTIFICIOS MANUALES DE PIROTECNIA PARA SEÑALES,1.4S,,
0374,CARGAS EXPLOSIVAS PARA SONDEOS,1.1D,,
0375,CARGAS EXPLOSIVAS PARA SONDEOS,1.2D,,
0376,CEBOS TUBULARES,1.4S,,
0377,CEBOS DEL TIPO DE CÁPSULA,1.1B,,
0378,CEBOS DEL TIPO DE CÁPSULA,1.4B,,
0379,"VAINAS DE CARTUCHOS VACÍOS, CON CEBO",1.4C,,
0380,OBJETOS PIROFÓRICOS,1.2L,,
0381,CARTUCHOS DE ACCIONAMIENTO,1.2C,,
0382,"COMPONENTES DE CADENAS DE EXPLOSIVOS, N.E.P.",1.2B,,"Substancias y objetos que presentan un riesgo de proyección, pero no de\nexplosión de la totalidad de la masa."
0383,"COMPONENTES DE CADENAS DE EXPLOSIVOS, N.E.P.",1.4B,,Substancias y objetos que no presentan un riesgo considerable.
0384,"COMPONENTES DE CADENAS DE EXPLOSIVOS, N.E.P.",1.4S,,Substancias y objetos que no presentan un riesgo considerable.
0385,5-NITROBENZOTRIAZOL,1.1D,,
0386,ÁCIDO TRINITRO- BENCENOSULFÓNICO,1.1D,,
0387,TRINITROFLUORENONA,1.1D,,
0388,"TRINITROTOLUENO (TNT) Y TRINITROBENCENO, MEZCLA DE, o TRINITROTOLUENO (TNT) Y HEXANITROESTILBENO, MEZCLA DE",1.1D,,
0389,"TRINITROTOLUENO (TNT) CON TRINITROBENCENO Y HEXANITROESTILBENO, MEZCLA DE",1.1D,,
0390,TRITONAL,1.1D,,
0391,"CICLOTRIMETILENTRINI-TRAMINA (CICLONITA; HEXÓGENO; RDX) Y CICLOTETRAMETILEN-TETRANITRAMINA (OCTÓGENO; HMX), MEZCLA DE, HUMEDECIDAS con un mínimo del 15%, en masa, de agua, o CICLOTRIMETILENTRINI-TRAMINA (CICLONITA; HEXÓGENO; RDX) Y CICLOTETRAMETILEN-TETRANITRAMINA (OCTÓGENO; HMX) DESENSIBILIZADAS, MEZCLA DE, con un mínimo del 10%, en masa, de flemador",1.1D,,
0392,HEXANITROESTILBENO,1.1D,,
0393,HEXOTONAL,1.1D,,
0394,"TRINITRORRESORCINOL (TRINITRORRESORCINA; ÁCIDO ESTÍFNICO) HUMEDECIDO con un mínimo del 20%, en masa, de agua o de una mezcla de alcohol y agua",1.1D,,
0395,"MOTORES DE COHETE, DE COMBUSTIBLE LÍQUIDO",1.2J,,
0396,"MOTORES DE COHETE, DE COMBUSTIBLE LÍQUIDO",1.3J,,
0397,"COHETES DE COMBUSTIBLE LÍQUIDO, con carga explosiva",1.1J,,
0398,"COHETES DE COMBUSTIBLE LÍQUIDO, con carga explosiva",1.2J,,
0399,"BOMBAS QUE CONTIENEN UN LÍQUIDO INFLAMABLE, con carga explosiva",1.1J,,
0400,"BOMBAS QUE CONTIENEN UN LÍQUIDO INFLAMABLE, con carga explosiva",1.2J,,
0401,"SULFURO DE DIPICRILO seco o humedecido con menos del 10%, en masa, de agua",1.1D,,
0402,PERCLORATO AMÓNICO,1.1D,,
0403,BENGALAS AÉREAS,1.4G,,
0404,BENGALAS AÉREAS,1.4S,,
0405,CARTUCHOS DE SEÑALES,1.4S,,
0406,DINITROSOBENCENO,1.3C,,
0407,ÁCIDO TETRAZOL-1- ACÉTICO,1.4C,,
0408,ESPOLETAS DETONANTES con dispositivos de protección,1.1D,,
0409,ESPOLETAS DETONANTES con dispositivos de protección,1.2D,,
0410,ESPOLETAS DETONANTES con dispositivos de protección,1.4D,,
0411,"TETRANITRATO DE PENTAERITRITA (TETRANITRATO DE PENTAERITRITOL; TNPE) con un mínimo del 7%, en masa, de cera",1.1D,,
0412,"CARTUCHOS PARA ARMAS, con carga explosiva",1.4E,,
0413,CARTUCHOS DE FOGUEO PARA ARMAS,1.2C,,
0414,CARGAS PROPULSORAS DE ARTILLERÍA,1.2C,,
0415,CARGAS PROPULSORAS,1.2C,,
0417,"CARTUCHOS PARA ARMAS, CON PROYECTIL INERTE, o CARTUCHOS PARA ARMAS DE PEQUEÑO CALIBRE",1.3C,,
0418,BENGALAS DE SUPERFICIE,1.1G,,
0419,BENGALAS DE SUPERFICIE,1.2G,,
0420,BENGALAS AÉREAS,1.1G,,
0421,BENGALAS AÉREAS,1.2G,,
0424,PROYECTILES inertes con trazador,1.3G,,
0425,PROYECTILES inertes con trazador,1.4G,,
0426,PROYECTILES con carga dispersora o carga expulsora,1.2F,,
0427,PROYECTILES con carga dispersora o carga expulsora,1.4F,,
0428,OBJETOS PIROTÉCNICOS para usos técnicos,1.1G,,
0429,OBJETOS PIROTÉCNICOS para usos técnicos,1.2G,,
0430,OBJETOS PIROTÉCNICOS para usos técnicos,1.3G,,
0431,OBJETOS PIROTÉCNICOS para usos técnicos,1.4G,,
0432,OBJETOS PIROTÉCNICOS para usos técnicos,1.4S,,
0433,"GALLETA DE PÓLVORA HUMEDECIDA1 con un mínimo del 17%, en masa, de alcohol",1.1C,,
0434,PROYECTILES con carga dispersora o carga expulsora,1.2G,,
0435,PROYECTILES con carga dispersora o carga expulsora,1.4G,,
0436,COHETES con carga expulsora,1.2C,,
0437,COHETES con carga expulsora,1.3C,,
0438,COHETES con carga expulsora,1.4C,,
0439,CARGAS HUECAS sin detonador,1.2D,,
0440,CARGAS HUECAS sin detonador,1.4D,,
0441,CARGAS HUECAS sin detonador,1.4S,,
0442,CARGAS EXPLOSIVAS PARA USOS CIVILES sin detonador,1.1D,,
0443,CARGAS EXPLOSIVAS PARA USOS CIVILES sin detonador,1.2D,,
0444,CARGAS EXPLOSIVAS PARA USOS CIVILES sin detonador,1.4D,,
0445,"CARGAS EXPLOSIVAS PARA USOS CIVILES, sin detonador",1.4S,,
0446,"VAINAS COMBUSTIBLES VACÍAS, SIN CEBO",1.4C,,
0447,"VAINAS COMBUSTIBLES VACÍAS, SIN CEBO",1.3C,,
0448,ÁCIDO 5-MERCAPTO- TETRAZOL-1-ACÉTICO,1.4C,,
0449,"TORPEDOS CON COMBUSTIBLE LÍQUIDO, con o sin carga explosiva",1.1J,,
0450,"TORPEDOS DE COMBUSTIBLE LÍQUIDO, con cabeza inerte",1.3J,,
0451,TORPEDOS con carga explosiva,1.1D,,
0452,"GRANADAS DE EJERCICIOS, de mano o de fusil",1.4G,,
0453,COHETES LANZACABOS,1.4G,,
0454,INFLAMADORES,1.4S,,
0455,DETONADORES NO ELÉCTRICOS para voladuras,1.4S,,
0456,DETONADORES ELÉCTRICOS para voladuras,1.4S,,
0457,CARGAS EXPLOSIVAS CON AGLUTINANTE PLÁSTICO,1.1D,,
0458,CARGAS EXPLOSIVAS CON AGLUTINANTE PLÁSTICO,1.2D,,
0459,CARGAS EXPLOSIVAS CON AGLUTINANTE PLÁSTICO,1.4D,,
0460,CARGAS EXPLOSIVAS CON AGLUTINANTE PLÁSTICO,1.4S,,
0461,"COMPONENTES DE CADENAS DE EXPLOSIVOS, N.E.P.",1.1B,,Substancias y objetos que presentan un riesgo de explosión de la\ntotalidad de la masa.
0462,"OBJETOS EXPLOSIVOS, N.E.P.",1.1C,,Substancias y objetos que presentan un riesgo de explosión de la\ntotalidad de la masa.
0463,"OBJETOS EXPLOSIVOS, N.E.P.",1.1D,,Substancias y objetos que presentan un riesgo de explosión de la\ntotalidad de la masa.
0464,"OBJETOS EXPLOSIVOS, N.E.P.",1.1E,,Substancias y objetos que presentan un riesgo de explosión de la\ntotalidad de la masa.
0465,"OBJETOS EXPLOSIVOS, N.E.P.",1.1F,,Substancias y objetos que presentan un riesgo de explosión de la\ntotalidad de la masa.
0466,"OBJETOS EXPLOSIVOS, N.E.P.",1.2C,,"Substancias y objetos que presentan un riesgo de proyección, pero no de\nexplosión de la totalidad de la masa."
0467,"OBJETOS EXPLOSIVOS, N.E.P.",1.2D,,"Substancias y objetos que presentan un riesgo de proyección, pero no de\nexplosión de la totalidad de la masa."
0468,"OBJETOS EXPLOSIVOS, N.E.P.",1.2E,,"Substancias y objetos que presentan un riesgo de proyección, pero no de\nexplosión de la totalidad de la masa."
0469,"OBJETOS EXPLOSIVOS, N.E.P.",1.2F,,"Substancias y objetos que presentan un riesgo de proyección, pero no de\nexplosión de la totalidad de la masa."
0470,"OBJETOS EXPLOSIVOS, N.E.P.",1.3C,,"Substancias y objetos que presentan un riesgo de incendio y un riesgo de que se produzcan pequeños efectos de onda expansiva o de proyección o de ambos, pero no de explosión de la totalidad de la masa."
0471,"OBJETOS EXPLOSIVOS, N.E.P.",1.4E,,Substancias y objetos que no presentan un riesgo considerable.
0472,"OBJETOS EXPLOSIVOS, N.E.P.",1.4F,,Substancias y objetos que no presentan un riesgo considerable.
0473,"SUBSTANCIAS EXPLOSIVAS, N.E.P.",1.1A,,Substancias y objetos que presentan un riesgo de explosión de la\ntotalidad de la masa.
0474,"SUBSTANCIAS EXPLOSIVAS, N.E.P.",1.1C,,Substancias y objetos que presentan un riesgo de explosión de la\ntotalidad de la masa.
0475,"SUBSTANCIAS EXPLOSIVAS, N.E.P.",1.1D,,Substancias y objetos que presentan un riesgo de explosión de la\ntotalidad de la masa.
0476,"SUBSTANCIAS EXPLOSIVAS, N.E.P.",1.1G,,Substancias y objetos que presentan un riesgo de explosión de la\ntotalidad de la masa.
0477,"SUBSTANCIAS EXPLOSIVAS, N.E.P.",1.3C,,"Substancias y objetos que presentan un riesgo de incendio y un riesgo de que se produzcan pequeños efectos de onda expansiva o de proyección o de ambos, pero no de explosión de la totalidad de la masa."
0478,"SUBSTANCIAS EXPLOSIVAS, N.E.P.",1.3G,,"Substancias y objetos que presentan un riesgo de incendio y un riesgo de que se produzcan pequeños efectos de onda expansiva o de proyección o de ambos, pero no de explosión de la totalidad de la masa."
0479,"SUBSTANCIAS EXPLOSIVAS, N.E.P.",1.4C,,Substancias y objetos que no presentan un riesgo considerable.
0480,"SUBSTANCIAS EXPLOSIVAS, N.E.P.",1.4D,,Substancias y objetos que no presentan un riesgo considerable.
0481,"SUBSTANCIAS EXPLOSIVAS, N.E.P.",1.4S,,Substancias y objetos que no presentan un riesgo considerable.
0482,"SUBSTANCIAS EXPLOSIVAS MUY INSENSIBLES (SUBSTANCIAS EMI), N.E.P.",1.5D,,"Substancias poco sensibles que presentan un riesgo de explosión de la totalidad de la masa, pero son tan insensibles que es poco probable que puedan incendiarse o que su combustión origine una detonación en condiciones normales de transporte."
0483,CICLOTRIMETILEN- TRINITRAMINA (CICLONITA; HEXÓGENO; RDX) DESENSIBILIZADA,1.1D,,
0484,CICLOTETRAMETILEN- TETRANITRAMINA (OCTÓGENO; HMX) DESENSIBILIZADA,1.1D,,
0485,"SUBSTANCIAS EXPLOSIVAS, N.E.P.",1.4G,,Substancias y objetos que no presentan un riesgo considerable.
0486,OBJETOS EXPLOSIVOS EXTREMADAMENTE INSENSIBLES (OBJETOS EEI),1.6N,,"Objetos que no presentan un riesgo de explosión de la totalidad de la masa, que contienen substancias extremadamente insensibles a la detonación y muestran una probabilidad muy escasa de iniciación y propagación accidental."
0487,SEÑALES FUMÍGENAS,1.3G,,
0488,MUNICIONES DE EJERCICIOS,1.3G,,
0489,DINITROGLICOLURILO (DINGU),1.1D,,
0490,NITROTRIAZOLONA (NTO),1.1D,,
0491,CARGAS PROPULSORAS,1.4C,,
0492,"PETARDOS DE SEÑALES PARA FERROCARRILES, EXPLOSIVOS",1.3G,,
0493,"PETARDOS DE SEÑALES PARA FERROCARRILES, EXPLOSIVOS",1.4G,,
0494,"DISPOSITIVOS PORTADORES DE CARGAS HUECAS, CARGADOS, para perforación de pozos de petróleo, sin detonador",1.4D,,
0495,PROPULSANTE LÍQUIDO,1.3C,,"Substancias y objetos que presentan un riesgo de incendio y un riesgo de que se produzcan pequeños efectos de onda expansiva o de proyección o de ambos, pero no de explosión de la totalidad de la masa."
0496,OCTONAL,1.1D,,
0497,PROPULSANTE LÍQUIDO,1.1C,,Substancias y objetos que presentan un riesgo de explosión de la\ntotalidad de la masa.
0498,PROPULSANTE SÓLIDO,1.1C,,Substancias y objetos que presentan un riesgo de explosión de la\ntotalidad de la masa.
0499,PROPULSANTE SÓLIDO,1.3C,,"Substancias y objetos que presentan un riesgo de incendio y un riesgo de que se produzcan pequeños efectos de onda expansiva o de proyección o de ambos, pero no de explosión de la totalidad de la masa."
0500,CONJUNTOS DE DETONADORES NO ELÉCTRICOS para voladuras,1.4S,,
0501,PROPULSANTE SÓLIDO,1.4C,,Substancias y objetos que no presentan un riesgo considerable.
0502,COHETES con cabeza inerte,1.2C,,
0503,DISPOSITIVOS DE SEGURIDAD PIROTÉCNICOS,1.4G,,
0504,1H-TETRAZOL,1.1D,,
0505,SEÑALES DE SOCORRO para barcos,1.4G,,
0506,SEÑALES DE SOCORRO para barcos,1.4S,,
0507,SEÑALES FUMÍGENAS,1.4S,,
0508,"1-HIDROXIBENZOTRIAZOL, ANHIDRO, seco o humedecido con menos del 20%, en masa, de agua",1.3C,,
0509,PÓLVORA SIN HUMO,1.4C,,
0510,MOTORES DE COHETE,1.4C,,
0511,DETONADORES ELECTRÓNICOS programables para voladuras,1.1B,,
0512,DETONADORES ELECTRÓNICOS programables para voladuras,1.4B,,
0513,DETONADORES ELECTRÓNICOS programables para voladuras,1.4S,,
1001,ACETILENO DISUELTO,2.1,,
1002,AIRE COMPRIMIDO,2.2,,
1003,AIRE LÍQUIDO REFRIGERADO,2.2,5.1,
1005,"AMONIACO, ANHIDRO",2.3,8,
1006,ARGÓN COMPRIMIDO,2.2,,
1008,TRIFLUORURO DE BORO,2.3,8,
1009,BROMOTRIFLUORO- METANO (GAS REFRIGERANTE R13B1),2.2,,
1010,"BUTADIENOS ESTABILIZADOS o MEZCLA ESTABILIZADA DE BUTADIENOS E HIDROCARBUROS, que contienen más del 40% de butadienos",2.1,,
1011,BUTANO,2.1,,
1012,BUTILENO,2.1,,
1013,DIÓXIDO DE CARBONO,2.2,,
1016,MONÓXIDO DE CARBONO COMPRIMIDO,2.3,2.1,
1017,CLORO,2.3,5.1\n8,
1018,CLORODIFLUOROMETANO (GAS REFRIGERANTE R 22),2.2,,
1020,CLOROPENTAFLUORO- ETANO (GAS REFRIGERANTE R 115),2.2,,
1021,"1-CLORO-1,2,2,2-TETRAFLUOROETANO (GAS REFRIGERANTE R 124)",2.2,,
1022,CLOROTRIFLUOROMETANO (GAS REFRIGERANTE R 13),2.2,,
1023,GAS DE HULLA COMPRIMIDO,2.3,2.1,
1026,CIANÓGENO,2.3,2.1,
1027,CICLOPROPANO,2.1,,
1028,DICLORODIFLUORO- METANO (GAS REFRIGERANTE R 12),2.2,,
1029,DICLOROFLUOROMETANO (GAS REFRIGERANTE R 21),2.2,,
1030,"1,1-DIFLUOROETANO (GAS REFRIGERANTE R 152a)",2.1,,
1032,DIMETILAMINA ANHIDRA,2.1,,
1033,DIMETIL ÉTER (ÉTER DIMETÍLICO),2.1,,
1035,ETANO,2.1,,
1036,ETILAMINA,2.1,,
1037,CLORURO DE ETILO,2.1,,
1038,ETILENO LÍQUIDO REFRIGERADO,2.1,,
1039,ÉTER METILETÍLICO,2.1,,
1040,ÓXIDO DE ETILENO u ÓXIDO DE ETILENO CON NITRÓGENO hasta una presión total de 1 MPa (10 bar) a 50 °C,2.3,2.1,
1041,"ÓXIDO DE ETILENO Y DIÓXIDO DE CARBONO, MEZCLA DE, con más del 9% pero no más del 87% de óxido de etileno",2.1,,
1043,ABONO EN SOLUCIÓN AMONIACAL que contiene amoniaco libre,2.2,,
1044,EXTINTORES DE INCENDIOS que contienen gases comprimidos o licuados,2.2,,
1045,FLÚOR COMPRIMIDO,2.3,5.1\n8,
1046,HELIO COMPRIMIDO,2.2,,
1048,BROMURO DE HIDRÓGENO ANHIDRO,2.3,8,
1049,HIDRÓGENO COMPRIMIDO,2.1,,
1050,CLORURO DE HIDRÓGENO ANHIDRO,2.3,8,
1051,CIANURO DE HIDRÓGENO ESTABILIZADO con menos del 3% de agua,6.1,3,
1052,FLUORURO DE HIDRÓGENO ANHIDRO,8,6.1,
1053,SULFURO DE HIDRÓGENO,2.3,2.1,
1055,ISOBUTILENO,2.1,,
1056,CRIPTÓN COMPRIMIDO,2.2,,
1057,ENCENDEDORES o RECARGAS DE ENCENDEDORES que contienen gas inflamable,2.1,,
1058,"MEZCLAS DE GASES LICUADOS no inflamables con nitrógeno, dióxido de carbono o aire",2.2,,
1060,"METILACETILENO Y PROPADIENO, MEZCLA ESTABILIZADA DE",2.1,,
1061,METILAMINA ANHIDRA,2.1,,
1062,BROMURO DE METILO con un máximo del 2% de cloropicrina,2.3,,
1063,CLORURO DE METILO (GAS REFRIGERANTE R 40),2.1,,
1064,METILMERCAPTANO,2.3,2.1,
1065,NEÓN COMPRIMIDO,2.2,,
1066,NITRÓGENO COMPRIMIDO,2.2,,
1067,TETRÓXIDO DE DINITRÓGENO (DIÓXIDO DE NITRÓGENO),2.3,5.1\n8,
1069,CLORURO DE NITROSILO,2.3,8,
1070,ÓXIDO NITROSO,2.2,5.1,
1071,GAS DE PETRÓLEO COMPRIMIDO,2.3,2.1,
1072,OXÍGENO COMPRIMIDO,2.2,5.1,
1073,OXÍGENO LÍQUIDO REFRIGERADO,2.2,5.1,
1075,"GASES DE PETRÓLEO, LICUADOS",2.1,,
1076,FOSGENO,2.3,8,
1077,PROPILENO,2.1,,
1078,"GAS REFRIGERANTE, N.E.P.",2.2,,"Gases no inflamables, no tóxicos."
1079,DIÓXIDO DE AZUFRE,2.3,8,
1080,HEXAFLUORURO DE AZUFRE,2.2,,
1081,TETRAFLUOROETILENO ESTABILIZADO,2.1,,
1082,TRIFLUOROCLOROETILENO ESTABILIZADO (GAS REFRIGERANTE R 1113),2.3,2.1,
1083,TRIMETILAMINA ANHIDRA,2.1,,
1085,BROMURO DE VINILO ESTABILIZADO,2.1,,
1086,CLORURO DE VINILO ESTABILIZADO,2.1,,
1087,VINIL METIL ÉTER ESTABILIZADO,2.1,,
1088,ACETAL,3,,
1089,ACETALDEHÍDO,3,,
1090,ACETONA,3,,
1091,ACEITES DE ACETONA,3,,
1092,ACROLEÍNA ESTABILIZADA,6.1,3,
1093,ACRILONITRILO ESTABILIZADO,3,6.1,
1098,ALCOHOL ALÍLICO,6.1,3,
1099,BROMURO DE ALILO,3,6.1,
1100,CLORURO DE ALILO,3,6.1,
1104,ACETATOS DE AMILO,3,,
1105,PENTANOLES,3,,
1106,AMILAMINA,3,8,
1107,CLORURO DE AMILO,3,,
1108,1-PENTENO (n-AMILENO),3,,
1109,FORMIATOS DE AMILO,3,,
1110,n-AMILMETILCETONA,3,,
1111,AMILMERCAPTANO,3,,
1112,NITRATO DE AMILO,3,,
1113,NITRITO DE AMILO,3,,
1114,BENCENO,3,,
1120,BUTANOLES,3,,
1123,ACETATOS DE BUTILO,3,,
1125,n-BUTILAMINA,3,8,
1126,1-BROMOBUTANO,3,,
1127,CLOROBUTANOS,3,,
1128,FORMIATO DE n-BUTILO,3,,
1129,BUTIRALDEHÍDO,3,,
1130,ACEITE DE ALCANFOR,3,,
1131,DISULFURO DE CARBONO,3,6.1,
1133,ADHESIVOS que contienen líquidos inflamables,3,,
1134,CLOROBENCENO,3,,
1135,ETILENCLORHIDRINA,6.1,3,
1136,"DESTILADOS DE ALQUITRÁN DE HULLA, INFLAMABLES",3,,
1139,"SOLUCIONES PARA REVESTIMIENTOS (comprende los tratamientos de superficie o los revestimientos utilizados con fines industriales o de otra índole como revestimiento de bajos de vehículos, de bidones o de toneles)",3,,
1143,CROTONALDEHÍDO o CROTONALDEHÍDO ESTABILIZADO,6.1,3,
1144,CROTONILENO,3,,
1145,CICLOHEXANO,3,,
1146,CICLOPENTANO,3,,
1147,DECAHIDRONAFTALENO,3,,
1148,DIACETONALCOHOL,3,,
1149,DIBUTIL ÉTERES,3,,
1150,"1,2-DICLOROETILENO",3,,
1152,DICLOROPENTANOS,3,,
1153,ÉTER DIETÍLICO DEL ETILENGLICOL,3,,
1154,DIETILAMINA,3,8,
1155,ÉTER DIETÍLICO (ÉTER ETÍLICO),3,,
1156,DIETILCETONA,3,,
1157,DIISOBUTILCETONA,3,,
1158,DIISOPROPILAMINA,3,8,
1159,ÉTER DIISOPROPÍLICO,3,,
1160,DIMETILAMINA EN SOLUCIÓN ACUOSA,3,8,
1161,CARBONATO DE DIMETILO,3,,
1162,DIMETILDICLOROSILANO,3,8,
1163,DIMETILHIDRAZINA ASIMÉTRICA,6.1,3\n8,
1164,SULFURO DE DIMETILO,3,,
1165,DIOXANO,3,,
1166,DIOXOLANO,3,,
1167,DIVINIL ÉTER ESTABILIZADO,3,,
1169,EXTRACTOS AROMÁTICOS LÍQUIDOS (ver Segundo Transitorio),3,,
1170,ETANOL (ALCOHOL ETÍLICO) o ETANOL EN SOLUCIÓN (ALCOHOL ETÍLICO EN SOLUCIÓN),3,,
1171,ÉTER MONOETÍLICO DEL ETILENGLICOL,3,,
1172,ACETATO DEL ÉTER MONOETÍLICO DEL ETILENGLICOL,3,,
1173,ACETATO DE ETILO,3,,
1175,ETILBENCENO,3,,
1176,BORATO DE ETILO,3,,
1177,ACETATO DE 2-ETILBUTILO,3,,
1178,2-ETILBUTIRALDEHÍDO (DIETILACETALDEHÍDO),3,,
1179,ETIL BUTIL ÉTER,3,,
1180,BUTIRATO DE ETILO,3,,
1181,CLOROACETATO DE ETILO,6.1,3,
1182,CLOROFORMIATO DE ETILO,6.1,3\n8,
1183,ETILDICLOROSILANO,4.3,3\n8,
1184,DICLORURO DE ETILENO,3,6.1,
1185,ETILENIMINA (AZIRIDINA) ESTABILIZADA,6.1,3,
1188,ÉTER MONOMETÍLICO DEL ETILENGLICOL,3,,
1189,ACETATO DEL ÉTER MONOMETÍLICO DEL ETILENGLICOL,3,,
1190,FORMIATO DE ETILO,3,,
1191,ALDEHÍDOS OCTÍLICOS,3,,
1192,LACTATO DE ETILO,3,,
1193,ETIL METIL CETONA o METIL ETIL CETONA,3,,
1194,NITRITO DE ETILO EN SOLUCIÓN,3,6.1,
1195,PROPIONATO DE ETILO,3,,
1196,ETILTRICLOROSILANO,3,8,
1197,"EXTRACTOS LÍQUIDOS, para saborizar o aromatizar",3,,
1198,FORMALDEHÍDO EN SOLUCIÓN INFLAMABLE,3,8,
1199,FURALDEHÍDOS,6.1,3,
1201,ACEITE DE FUSEL,3,,
1202,GASOLEO o COMBUSTIBLE PARA MOTORES DIESEL o ACEITE MINERAL LIGERO PARA CALEFACCIÓN,3,,
1203,COMBUSTIBLE PARA MOTORES o GASOLINA,3,,
1204,NITROGLICERINA EN SOLUCIÓN ALCOHÓLICA con un máximo del 1% de nitroglicerina,3,,
1206,HEPTANOS,3,,
1207,HEXALDEHÍDO,3,,
1208,HEXANOS,3,,
1210,"TINTA DE IMPRENTA, inflamable o MATERIALES RELACIONADOS CON LA TINTA DE IMPRENTA (incluido diluyente de tinta de imprenta o producto reductor), inflamables",3,,
1212,ISOBUTANOL (ALCOHOL ISOBUTÍLICO),3,,
1213,ACETATO DE ISOBUTILO,3,,
1214,ISOBUTILAMINA,3,8,
1216,ISOOCTENOS,3,,
1218,ISOPRENO ESTABILIZADO,3,,
1219,ISOPROPANOL (ALCOHOL ISOPROPÍLICO),3,,
1220,ACETATO DE ISOPROPILO,3,,
1221,ISOPROPILAMINA,3,8,
1222,NITRATO DE ISOPROPILO,3,,
1223,QUEROSENO,3,,
1224,"CETONAS LÍQUIDAS, N.E.P.",3,,Líquidos inflamables.
1228,"MERCAPTANOS LÍQUIDOS, INFLAMABLES, TÓXICOS, N.E.P. o MERCAPTANOS EN MEZCLA LÍQUIDA, INFLAMABLE, TÓXICA, N.E.P.",3,6.1,Líquidos inflamables.
1229,ÓXIDO DE MESITILO,3,,
1230,METANOL,3,6.1,
1231,ACETATO DE METILO,3,,
1233,ACETATO DE METILAMILO,3,,
1234,METILAL (DIMETOXIMETANO),3,,
1235,METILAMINA EN SOLUCIÓN ACUOSA,3,8,
1237,BUTIRATO DE METILO,3,,
1238,CLOROFORMIATO DE METILO,6.1,3\n8,
1239,METIL CLOROMETIL ÉTER,6.1,3,
1242,METILDICLOROSILANO,4.3,3\n8,
1243,FORMIATO DE METILO,3,,
1244,METILHIDRAZINA,6.1,3\n8,
1245,METILISOBUTILCETONA,3,,
1246,METILISOPROPENIL- CETONA ESTABILIZADA,3,,
1247,METACRILATO DE METILO MONÓMERO ESTABILIZADO,3,,
1248,PROPIONATO DE METILO,3,,
1249,METILPROPILCETONA,3,,
1250,METILTRICLOROSILANO,3,8,
1251,"METILVINILCETONA, ESTABILIZADA",6.1,3\n8,
1259,NÍQUEL CARBONILO,6.1,3,
1261,NITROMETANO,3,,
1262,OCTANOS,3,,
1263,"PINTURAS (incluidas pinturas, lacas, esmaltes, colorantes, goma laca, barnices, bruñidores, encáusticos, apresto líquido y bases líquidas para lacas) o PRODUCTOS PARA PINTURA (incluidos disolventes y diluyentes para pinturas)",3,,
1264,PARALDEHÍDO,3,,
1265,PENTANOS líquidos,3,,
1266,PRODUCTOS DE PERFUMERÍA que contengan disolventes inflamables,3,,
1267,PETRÓLEO BRUTO,3,,
1268,"DESTILADOS DE PETRÓLEO, N.E.P. o PRODUCTOS DE PETRÓLEO, N.E.P.",3,,Líquidos inflamables.
1272,ACEITE DE PINO,3,,
1274,n-PROPANOL (ALCOHOL PROPÍLICO NORMAL),3,,
1275,PROPIONALDEHÍDO,3,,
1276,ACETATO DE n-PROPILO,3,,
1277,PROPILAMINA,3,8,
1278,1-CLOROPROPANO,3,,
1279,"1,2-DICLOROPROPANO",3,,
1280,ÓXIDO DE PROPILENO,3,,
1281,FORMIATOS DE PROPILO,3,,
1282,PIRIDINA,3,,
1286,ACEITE DE COLOFONIA,3,,
1287,DISOLUCIÓN DE CAUCHO,3,,
1288,ACEITE DE ESQUISTO,3,,
1289,METILATO DE SODIO EN SOLUCIÓN alcohólica,3,8,
1292,SILICATO DE TETRAETILO,3,,
1293,TINTURAS MEDICINALES,3,,
1294,TOLUENO,3,,
1295,TRICLOROSILANO,4.3,3\n8,
1296,TRIETILAMINA,3,8,
1297,"TRIMETILAMINA EN SOLUCIÓN ACUOSA, con un máximo del 50%, en masa, de trimetilamina",3,8,
1298,TRIMETILCLOROSILANO,3,8,
1299,TREMENTINA,3,,
1300,SUCEDÁNEO DE TREMENTINA,3,,
1301,ACETATO DE VINILO ESTABILIZADO,3,,
1302,VINIL ETIL ÉTER ESTABILIZADO,3,,
1303,CLORURO DE VINILIDENO ESTABILIZADO,3,,
1304,VINIL ISOBUTIL ÉTER ESTABILIZADO,3,,
1305,VINILTRICLOROSILANO,3,8,
1306,PRODUCTOS LÍQUIDOS PARA LA CONSERVACIÓN DE LA MADERA,3,,
1307,XILENOS,3,,
1308,CIRCONIO EN SUSPENSIÓN EN UN LÍQUIDO INFLAMABLE,3,,
1309,"ALUMINIO EN POLVO, RECUBIERTO",4.1,,
1310,"PICRATO DE AMONIO HUMIDIFICADO con un mínimo del 10%, en masa, de agua",4.1,,
1312,BORNEOL,4.1,,
1313,RESINATO DE CALCIO,4.1,,
1314,RESINATO DE CALCIO FUNDIDO,4.1,,
1318,"RESINATO DE COBALTO, PRECIPITADO",4.1,,
1320,"DINITROFENOL HUMIDIFICADO con un mínimo del 15%, en masa, de agua",4.1,6.1,
1321,"DINITROFENOLATOS HUMIDIFICADOS con un mínimo del 15%, en masa, de agua",4.1,6.1,
1322,"DINITRORRESORCINOL (DINITRORRESORCINA) HUMIDIFICADO con un mínimo del 15%, en masa, de agua",4.1,,
1323,FERROCERIO,4.1,,
1324,"PELÍCULAS DE SOPORTE NITROCELULÓSICO revestido de gelatina, con exclusión de los desechos",4.1,,
1325,"SÓLIDO INFLAMABLE ORGÁNICO, N.E.P.",4.1,,Solidos que se inflaman con facilidad o pueden provocar o activar incendios por fricción.
1326,"HAFNIO EN POLVO, HUMIDIFICADO con un mínimo del 25% de agua (debe haber un exceso visible de agua): a) producido mecánicamente, en partículas de menos de 53 micrones; b) producido químicamente, en partículas de menos de 840 micrones",4.1,,
1327,"HENO, PAJA o ""BUSHA"" (TAMO)",4.1,,
1328,HEXAMETILENTETRAMINA,4.1,,
1330,RESINATO DE MANGANESO,4.1,,
1331,FÓSFOROS DISTINTOS DE LOS DE SEGURIDAD,4.1,,
1332,METALDEHÍDO,4.1,,
1333,"CERIO, en placas, lingotes o barras",4.1,,
1334,NAFTALENO BRUTO o NAFTALENO REFINADO,4.1,,
1336,"NITROGUANIDINA (PICRITA) HUMIDIFICADA1 con un mínimo del 20%, en masa, de agua",4.1,,
1337,"NITROALMIDÓN HUMIDIFICADO con un mínimo del 20%, en masa, de agua",4.1,,
1338,FÓSFORO AMORFO,4.1,,
1339,"HEPTASULFURO DE FÓSFORO, que no contiene fósforo blanco o amarillo",4.1,,
1340,"PENTASULFURO DE FÓSFORO, que no contiene fósforo blanco o amarillo",4.3,4.1,
1341,"SESQUISULFURO DE FÓSFORO, que no contiene fósforo blanco o amarillo",4.1,,
1343,"TRISULFURO DE FÓSFORO, que no contiene fósforo blanco o amarillo",4.1,,
1344,"TRINITROFENOL (ÁCIDO PÍCRICO) HUMIDIFICADO con un mínimo del 30%, en masa, de agua",4.1,,
1345,"DESECHOS DE CAUCHO o RECORTES DE CAUCHO, en polvo o en gránulos de 840 micras como máximo y que contienen más del 45% de caucho",4.1,,
1346,"SILICIO EN POLVO, AMORFO",4.1,,
1347,"PICRATO DE PLATA HUMIDIFICADO con un mínimo del 30%, en masa, de agua",4.1,,
1348,"DINITRO-o-CRESOLATO DE SODIO HUMIDIFICADO con un mínimo del 15%, en masa, de agua",4.1,6.1,
1349,"PICRAMATO DE SODIO HUMIDIFICADO con un mínimo del 20%, en masa, de agua",4.1,,
1350,AZUFRE,4.1,,
1352,"TITANIO EN POLVO, HUMIDIFICADO con un mínimo del 25% de agua (debe haber un exceso visible de agua): a) producido mecánicamente, en partículas de menos de 53 micrones; b) producido químicamente, en partículas de menos de 840 micrones",4.1,,
1353,"FIBRAS o TEJIDOS IMPREGNADOS DE NITROCELULOSA POCO NITRADA, N.E.P.",4.1,,Solidos que se inflaman con facilidad o pueden provocar o activar incendios por fricción.
1354,"TRINITROBENCENO HUMIDIFICADO con un mínimo del 30%, en masa, de agua",4.1,,
1355,"ÁCIDO TRINITROBENZOICO HUMIDIFICADO con un mínimo del 30%, en masa, de agua",4.1,,
1356,"TRINITROTOLUENO (TNT) HUMIDIFICADO con un mínimo del 30%, en masa, de agua",4.1,,
1357,"NITRATO DE UREA HUMIDIFICADO con un mínimo del 20%, en masa, de agua",4.1,,
1358,"CIRCONIO EN POLVO, HUMIDIFICADO con un mínimo del 25% de agua (debe haber un exceso visible de agua): a) producido mecánicamente, en partículas de menos de 53 micrones; b) producido químicamente, en partículas de menos de 840 micrones",4.1,,
1360,FOSFURO DE CALCIO,4.3,6.1,
1361,CARBÓN de origen animal o vegetal,4.2,,
1362,CARBÓN ACTIVADO,4.2,,
1363,COPRA,4.2,,
1364,DESECHOS GRASIENTOS DE ALGODÓN,4.2,,
1365,ALGODÓN HÚMEDO,4.2,,
1369,p-NITROSODIMETILANILINA,4.2,,
1372,"FIBRAS DE ORIGEN ANIMAL o FIBRAS DE ORIGEN VEGETAL quemadas, húmedas1 o mojadas",4.2,,
1373,"FIBRAS o TEJIDOS DE ORIGEN ANIMAL o VEGETAL o SINTÉTICOS, N.E.P., impregnados de aceite",4.2,,Solidos inflamables de reacción espontanea.
1374,HARINA DE PESCADO (DESECHOS DE PESCADO) NO ESTABILIZADA,4.2,,
1376,ÓXIDO DE HIERRO AGOTADO o HIERRO ESPONJOSO AGOTADO procedentes de la purificación del gas de hulla,4.2,,
1378,CATALIZADOR DE METAL HUMEDECIDO con un exceso visible de líquido,4.2,,Solidos inflamables de reacción espontanea.
1379,"PAPEL TRATADO CON ACEITES NO SATURADOS, no completamente seco (incluido el papel carbón)",4.2,,
1380,PENTABORANO,4.2,6.1,
1381,"FÓSFORO BLANCO o AMARILLO, SECO o BAJO AGUA o EN SOLUCIÓN",4.2,6.1,
1382,SULFURO DE POTASIO ANHIDRO o SULFURO DE POTASIO con menos del 30% de agua de cristalización,4.2,,
1383,"METAL PIROFÓRICO, N.E.P., o ALEACIÓN PIROFÓRICA, N.E.P.",4.2,,Solidos inflamables de reacción espontanea.
1384,DITIONITO DE SODIO (HIDROSULFITO DE SODIO),4.2,,
1385,SULFURO DE SODIO ANHIDRO o SULFURO DE SODIO con menos del 30% de agua de cristalización,4.2,,
1386,"TORTA OLEAGINOSA con más del 1,5% de aceite y un máximo del 11% de humedad",4.2,,
1387,"DESECHOS DE LANA, HÚMEDOS",4.2,,
1389,"METALES ALCALINOS, AMALGAMA LÍQUIDA DE,",4.3,,Substancias que en contacto con el agua desprenden gases inflamables.
1390,AMIDAS DE METALES ALCALINOS,4.3,,Substancias que en contacto con el agua desprenden gases inflamables.
1391,"METALES ALCALINOS, DISPERSIÓN DE, o METALES ALCALINOTÉRREOS, DISPERSIÓN DE",4.3,,Substancias que en contacto con el agua desprenden gases inflamables.
1392,"METALES ALCALINOTÉRREOS, AMALGAMA LÍQUIDA DE",4.3,,Substancias que en contacto con el agua desprenden gases inflamables.
1393,"METALES ALCALINOTÉRREOS, ALEACIÓN DE, N.E.P.",4.3,,Substancias que en contacto con el agua desprenden gases inflamables.
1394,CARBURO DE ALUMINIO,4.3,,
1395,ALUMINIOFERROSILICIO EN POLVO,4.3,6.1,
1396,"ALUMINIO EN POLVO, NO RECUBIERTO",4.3,,
1397,FOSFURO DE ALUMINIO,4.3,6.1,
1398,"ALUMINIOSILICIO EN POLVO, NO RECUBIERTO",4.3,,
1400,BARIO,4.3,,
1401,CALCIO,4.3,,
1402,CARBURO DE CALCIO,4.3,,
1403,"CIANAMIDA CÁLCICA con más del 0,1% de carburo de calcio",4.3,,
1404,HIDRURO DE CALCIO,4.3,,
1405,SILICIURO DE CALCIO,4.3,,
1407,CESIO,4.3,,
1408,FERROSILICIO con el 30% o más pero menos del 90% de silicio,4.3,6.1,
1409,"HIDRUROS METÁLICOS QUE REACCIONAN CON EL AGUA, N.E.P.",4.3,,Substancias que en contacto con el agua desprenden gases inflamables.
1410,HIDRURO DE LITIO Y ALUMINIO,4.3,,
1411,HIDRURO DE LITIO Y ALUMINIO EN ÉTER,4.3,3,
1413,BOROHIDRURO DE LITIO,4.3,,
1414,HIDRURO DE LITIO,4.3,,
1415,LITIO,4.3,,
1417,LITIOSILICIO,4.3,,
1418,MAGNESIO EN POLVO o ALEACIONES DE MAGNESIO EN POLVO,4.3,4.2,
1419,FOSFURO DE MAGNESIO Y ALUMINIO,4.3,6.1,
1420,"POTASIO, ALEACIONES METÁLICAS LÍQUIDAS DE",4.3,,
1421,"METALES ALCALINOS, ALEACIÓN LÍQUIDA DE, N.E.P.",4.3,,Substancias que en contacto con el agua desprenden gases inflamables.
1422,"POTASIO Y SODIO, ALEACIONES LÍQUIDAS DE",4.3,,
1423,RUBIDIO,4.3,,
1426,BOROHIDRURO DE SODIO,4.3,,
1427,HIDRURO DE SODIO,4.3,,
1428,SODIO,4.3,,
1431,METILATO DE SODIO,4.2,8,
1432,FOSFURO DE SODIO,4.3,6.1,
1433,FOSFUROS DE ESTAÑO (IV),4.3,6.1,
1435,"CINC, CENIZAS DE",4.3,,
1436,CINC EN POLVO,4.3,4.2,
1437,HIDRURO DE CIRCONIO,4.1,,
1438,NITRATO DE ALUMINIO,5.1,,
1439,DICROMATO DE AMONIO,5.1,,
1442,PERCLORATO DE AMONIO,5.1,,
1444,PERSULFATO DE AMONIO,5.1,,
1445,"CLORATO DE BARIO, SÓLIDO",5.1,6.1,
1446,NITRATO DE BARIO,5.1,6.1,
1447,"PERCLORATO DE BARIO, SÓLIDO",5.1,6.1,
1448,PERMANGANATO DE BARIO,5.1,6.1,
1449,PERÓXIDO DE BARIO,5.1,6.1,
1450,"BROMATOS INORGÁNICOS, N.E.P.",5.1,,Oxidantes.
1451,NITRATO DE CESIO,5.1,,
1452,CLORATO DE CALCIO,5.1,,
1453,CLORITO DE CALCIO,5.1,,
1454,NITRATO DE CALCIO,5.1,,
1455,PERCLORATO DE CALCIO,5.1,,
1456,PERMANGANATO DE CALCIO,5.1,,
1457,PERÓXIDO DE CALCIO,5.1,,
1458,"CLORATO Y BORATO, MEZCLA DE",5.1,,
1459,"CLORATO Y CLORURO DE MAGNESIO, MEZCLA SÓLIDA DE",5.1,,
1461,"CLORATOS INORGÁNICOS, N.E.P.",5.1,,Oxidantes.
1462,"CLORITOS INORGÁNICOS, N.E.P.",5.1,,Oxidantes.
1463,TRIÓXIDO DE CROMO ANHIDRO,5.1,6.1\n8,
1465,NITRATO DE DIDIMIO,5.1,,
1466,NITRATO DE HIERRO(III),5.1,,
1467,NITRATO DE GUANIDINA,5.1,,
1469,NITRATO DE PLOMO,5.1,6.1,
1470,"PERCLORATO DE PLOMO, SÓLIDO",5.1,6.1,
1471,"HIPOCLORITO DE LITIO, SECO, o HIPOCLORITO DE LITIO EN MEZCLA",5.1,,
1472,PERÓXIDO DE LITIO,5.1,,
1473,BROMATO DE MAGNESIO,5.1,,
1474,NITRATO DE MAGNESIO,5.1,,
1475,PERCLORATO DE MAGNESIO,5.1,,
1476,PERÓXIDO DE MAGNESIO,5.1,,
1477,"NITRATOS INORGÁNICOS, N.E.P.",5.1,,Oxidantes.
1479,"SÓLIDO COMBURENTE, N.E.P.",5.1,,Oxidantes.
1481,"PERCLORATOS INORGÁNICOS, N.E.P.",5.1,,Oxidantes.
1482,"PERMANGANATOS INORGÁNICOS, N.E.P.",5.1,,Oxidantes.
1483,"PERÓXIDOS INORGÁNICOS, N.E.P.",5.1,,Oxidantes.
1484,BROMATO DE POTASIO,5.1,,
1485,CLORATO DE POTASIO,5.1,,
1486,NITRATO DE POTASIO,5.1,,
1487,"NITRATO DE POTASIO Y NITRITO DE SODIO, MEZCLA DE",5.1,,
1488,NITRITO DE POTASIO,5.1,,
1489,PERCLORATO DE POTASIO,5.1,,
1490,PERMANGANATO DE POTASIO,5.1,,
1491,PERÓXIDO DE POTASIO,5.1,,
1492,PERSULFATO DE POTASIO,5.1,,
1493,NITRATO DE PLATA,5.1,,
1494,BROMATO DE SODIO,5.1,,
1495,CLORATO DE SODIO,5.1,,
1496,CLORITO DE SODIO,5.1,,
1498,NITRATO DE SODIO,5.1,,
1499,"NITRATO DE SODIO Y NITRATO DE POTASIO, MEZCLA DE",5.1,,
1500,NITRITO DE SODIO,5.1,6.1,
1502,PERCLORATO DE SODIO,5.1,,
1503,PERMANGANATO DE SODIO,5.1,,
1504,PERÓXIDO DE SODIO,5.1,,
1505,PERSULFATO DE SODIO,5.1,,
1506,CLORATO DE ESTRONCIO,5.1,,
1507,NITRATO DE ESTRONCIO,5.1,,
1508,PERCLORATO DE ESTRONCIO,5.1,,
1509,PERÓXIDO DE ESTRONCIO,5.1,,
1510,TETRANITROMETANO,6.1,5.1,
1511,UREA-PERÓXIDO DE HIDRÓGENO,5.1,8,
1512,NITRITO DE CINC Y AMONIO,5.1,,
1513,CLORATO DE CINC,5.1,,
1514,NITRATO DE CINC,5.1,,
1515,PERMANGANATO DE CINC,5.1,,
1516,PERÓXIDO DE CINC,5.1,,
1517,"PICRAMATO DE CIRCONIO HUMIDIFICADO con un mínimo del 20%, en masa, de agua",4.1,,
1541,"CIANHIDRINA DE LA ACETONA, ESTABILIZADA",6.1,,
1544,"ALCALOIDES SÓLIDOS, N.E.P., o SALES DE ALCALOIDES, SÓLIDAS, N.E.P.",6.1,,Tóxicos
1545,ISOTIOCIANATO DE ALILO ESTABILIZADO,6.1,3,
1546,ARSENIATO DE AMONIO,6.1,,
1547,ANILINA,6.1,,
1548,CLORHIDRATO DE ANILINA,6.1,,
1549,"ANTIMONIO, COMPUESTO INORGÁNICO SÓLIDO DE, N.E.P.",6.1,,Tóxicos
1550,LACTATO DE ANTIMONIO,6.1,,
1551,TARTRATO DE ANTIMONIO Y POTASIO,6.1,,
1553,ÁCIDO ARSÉNICO LÍQUIDO,6.1,,
1554,ÁCIDO ARSÉNICO SÓLIDO,6.1,,
1555,BROMURO DE ARSÉNICO,6.1,,
1556,"ARSÉNICO, COMPUESTO LÍQUIDO DE, N.E.P., inorgánico, en particular arseniatos, n.e.p., arsenitos, n.e.p., sulfuros de arsénico, n.e.p., y compuesto orgánico de arsénico, n.e.p.",6.1,,Tóxicos
1557,"ARSÉNICO, COMPUESTO SÓLIDO DE, N.E.P., inorgánico, en particular arseniatos n.e.p., arsenitos n.e.p., sulfuros de arsénico n.e.p. y compuesto orgánico de arsénico n.e.p.",6.1,,Tóxicos
1558,ARSÉNICO,6.1,,
1559,PENTÓXIDO DE ARSÉNICO,6.1,,
1560,TRICLORURO DE ARSÉNICO,6.1,,
1561,TRIÓXIDO DE ARSÉNICO,6.1,,
1562,POLVO ARSENICAL,6.1,,
1564,"BARIO, COMPUESTO DE, N.E.P.",6.1,,Tóxicos
1565,CIANURO DE BARIO,6.1,,
1566,"BERILIO, COMPUESTO DE, N.E.P.",6.1,,Tóxicos
1567,BERILIO EN POLVO,6.1,4.1,
1569,BROMOACETONA,6.1,3,
1570,BRUCINA,6.1,,
1571,"AZIDA DE BARIO HUMIDIFICADA1 con un mínimo del 50%, en masa, de agua",4.1,6.1,
1572,ÁCIDO CACODÍLICO,6.1,,
1573,ARSENIATO DE CALCIO,6.1,,
1574,ARSENIATO DE CALCIO Y ARSENITO DE CALCIO EN MEZCLA SÓLIDA,6.1,,
1575,CIANURO DE CALCIO,6.1,,
1577,CLORODINITROBENCENOS LÍQUIDOS,6.1,,
1578,CLORONITROBENCENOS SÓLIDOS,6.1,,
1579,"CLORHIDRATO DE 4- CLORO-o-TOLUIDINA, SÓLIDO",6.1,,
1580,CLOROPICRINA,6.1,,
1581,"CLOROPICRINA Y BROMURO DE METILO, MEZCLA DE, con más del 2% de cloropicrina",2.3,,
1582,"CLOROPICRINA Y CLORURO DE METILO, MEZCLA DE",2.3,,
1583,"CLOROPICRINA EN MEZCLA, N.E.P.",6.1,,Tóxicos
1585,ACETOARSENITO DE COBRE,6.1,,
1586,ARSENITO DE COBRE,6.1,,
1587,CIANURO DE COBRE,6.1,,
1588,"CIANUROS INORGÁNICOS, SÓLIDOS, N.E.P.",6.1,,Tóxicos
1589,CLORURO DE CIANÓGENO ESTABILIZADO,2.3,8,
1590,DICLOROANILINAS LÍQUIDAS,6.1,,
1591,o-DICLOROBENCENO,6.1,,
1593,DICLOROMETANO,6.1,,
1594,SULFATO DE DIETILO,6.1,,
1595,SULFATO DE DIMETILO,6.1,8,
1596,DINITROANILINAS,6.1,,
1597,DINITROBENCENOS LÍQUIDOS,6.1,,
1598,DINITRO-o-CRESOL,6.1,,
1599,DINITROFENOL EN SOLUCIÓN,6.1,,
1600,DINITROTOLUENOS FUNDIDOS,6.1,,
1601,"DESINFECTANTE SÓLIDO, TÓXICO, N.E.P.",6.1,,Tóxicos
1602,"COLORANTE LÍQUIDO, TÓXICO, N.E.P. o MATERIA INTERMEDIA PARA COLORANTES, LÍQUIDA, TÓXICA, N.E.P.",6.1,,Tóxicos
1603,BROMOACETATO DE ETILO,6.1,3,
1604,ETILENDIAMINA,8,3,
1605,DIBROMURO DE ETILENO,6.1,,
1606,ARSENIATO DE HIERRO(III),6.1,,
1607,ARSENITO DE HIERRO(III),6.1,,
1608,ARSENIATO DE HIERRO(II),6.1,,
1611,TETRAFOSFATO DE HEXAETILO,6.1,,
1612,"TETRAFOSFATO DE HEXAETILO Y GAS COMPRIMIDO, MEZCLA DE",2.3,,
1613,ÁCIDO CIANHÍDRICO EN SOLUCIÓN ACUOSA (CIANURO DE HIDRÓGENO EN SOLUCIÓN ACUOSA) con un máximo del 20% de cianuro de hidrógeno,6.1,,
1614,CIANURO DE HIDRÓGENO ESTABILIZADO con menos del 3% de agua y absorbido en una materia porosa inerte,6.1,,
1616,ACETATO DE PLOMO,6.1,,
1617,ARSENIATOS DE PLOMO,6.1,,
1618,ARSENITOS DE PLOMO,6.1,,
1620,CIANURO DE PLOMO,6.1,,
1621,PÚRPURA DE LONDRES,6.1,,
1622,ARSENIATO DE MAGNESIO,6.1,,
1623,ARSENIATO DE MERCURIO(II),6.1,,
1624,CLORURO DE MERCURIO(II),6.1,,
1625,NITRATO DE MERCURIO(II),6.1,,
1626,CIANURO DE MERCURIO Y POTASIO,6.1,,
1627,NITRATO DE MERCURIO(I),6.1,,
1629,ACETATO DE MERCURIO,6.1,,
1630,CLORURO DE MERCURIO Y AMONIO,6.1,,
1631,BENZOATO DE MERCURIO,6.1,,
1634,BROMUROS DE MERCURIO,6.1,,
1636,CIANURO DE MERCURIO,6.1,,
1637,GLUCONATO DE MERCURIO,6.1,,
1638,YODURO DE MERCURIO,6.1,,
1639,NUCLEATO DE MERCURIO,6.1,,
1640,OLEATO DE MERCURIO,6.1,,
1641,ÓXIDO DE MERCURIO,6.1,,
1642,"OXICIANURO DE MERCURIO, DESENSIBILIZADO",6.1,,
1643,YODURO DE MERCURIO Y POTASIO,6.1,,
1644,SALICILATO DE MERCURIO,6.1,,
1645,SULFATO DE MERCURIO,6.1,,
1646,TIOCIANATO DE MERCURIO,6.1,,
1647,"BROMURO DE METILO Y DIBROMURO DE ETILENO, MEZCLA LÍQUIDA DE",6.1,,
1648,ACETONITRILO,3,,
1649,MEZCLA DE ANTIDETONANTE PARA COMBUSTIBLES DE MOTORES,6.1,,
1650,beta-NAFTILAMINA SÓLIDA,6.1,,
1651,NAFTILTIOUREA,6.1,,
1652,NAFTILUREA,6.1,,
1653,CIANURO DE NÍQUEL,6.1,,
1654,NICOTINA,6.1,,
1655,"NICOTINA, COMPUESTO SÓLIDO DE, N.E.P., o PREPARADO SÓLIDO A BASE DE NICOTINA, N.E.P.",6.1,,Tóxicos
1656,"CLORHIDRATO DE NICOTINA, LÍQUIDO o EN SOLUCIÓN",6.1,,
1657,SALICILATO DE NICOTINA,6.1,,
1658,"SULFATO DE NICOTINA, EN SOLUCIÓN",6.1,,
1659,TARTRATO DE NICOTINA,6.1,,
1660,ÓXIDO NÍTRICO COMPRIMIDO,2.3,5.1\n8,
1661,"NITROANILINAS (o-, m-, p-)",6.1,,
1662,NITROBENCENO,6.1,,
1663,"NITROFENOLES (o-, m-, p-)",6.1,,
1664,NITROTOLUENOS LÍQUIDOS,6.1,,
1665,NITROXILENOS LÍQUIDOS,6.1,,
1669,PENTACLOROETANO,6.1,,
1670,PERCLOROMETIL- MERCAPTANO,6.1,,
1671,FENOL SÓLIDO,6.1,,
1672,CLORURO DE FENILCARBILAMINA,6.1,,
1673,"FENILENDIAMINAS (o-, m-, p-)",6.1,,
1674,ACETATO DE FENILMERCURIO,6.1,,
1677,ARSENIATO DE POTASIO,6.1,,
1678,ARSENITO DE POTASIO,6.1,,
1679,CUPROCIANURO DE POTASIO,6.1,,
1680,CIANURO DE POTASIO SÓLIDO,6.1,,
1683,ARSENITO DE PLATA,6.1,,
1684,CIANURO DE PLATA,6.1,,
1685,ARSENIATO DE SODIO,6.1,,
1686,ARSENITO DE SODIO EN SOLUCIÓN ACUOSA,6.1,,
1687,AZIDA DE SODIO,6.1,,
1688,CACODILATO DE SODIO,6.1,,
1689,CIANURO DE SODIO SÓLIDO,6.1,,
1690,FLUORURO DE SODIO SÓLIDO,6.1,,
1691,ARSENITO DE ESTRONCIO,6.1,,
1692,ESTRICNINA o SALES DE ESTRICNINA,6.1,,
1693,"GASES LACRIMÓGENOS, SUBSTANCIA LÍQUIDA PARA LA FABRICACIÓN DE, N.E.P.",6.1,,Tóxicos
1694,CIANUROS DE BROMOBENCILO LÍQUIDOS,6.1,,
1695,CLOROACETONA ESTABILIZADA,6.1,3\n8,
1697,CLOROACETOFENONA SÓLIDA,6.1,,
1698,DIFENILAMINO- CLOROARSINA,6.1,,
1699,DIFENILCLOROARSINA LÍQUIDA,6.1,,
1700,VELAS LACRIMÓGENAS,6.1,4.1,
1701,"BROMURO DE XILILO, LÍQUIDO",6.1,,
1702,"1,1,2,2-TETRACLOROETANO",6.1,,
1704,DITIOPIROFOSFATO DE TETRAETILO,6.1,,
1707,"TALIO, COMPUESTO DE, N.E.P.",6.1,,Tóxicos
1708,TOLUIDINAS LÍQUIDAS,6.1,,
1709,"TOLUILEN-2,4-DIAMINA SÓLIDA",6.1,,
1710,TRICLOROETILENO,6.1,,
1711,XILIDINAS LÍQUIDAS,6.1,,
1712,"ARSENIATO DE CINC, ARSENITO DE CINC o MEZCLA DE ARSENIATO DE CINC Y ARSENITO DE CINC",6.1,,
1713,CIANURO DE CINC,6.1,,
1714,FOSFURO DE CINC,4.3,6.1,
1715,ANHÍDRIDO ACÉTICO,8,3,
1716,BROMURO DE ACETILO,8,,
1717,CLORURO DE ACETILO,3,8,
1718,FOSFATO ÁCIDO DE BUTILO,8,,
1719,LÍQUIDO ALCALINO CÁUSTICO N.E.P.,8,,Corrosivos.
1722,CLOROFORMIATO DE ALILO,6.1,3\n8,
1723,YODURO DE ALILO,3,8,
1724,ALILTRICLOROSILANO ESTABILIZADO,8,3,
1725,BROMURO DE ALUMINIO ANHIDRO,8,,
1726,CLORURO DE ALUMINIO ANHIDRO,8,,
1727,HIDROGENODIFLUORURO DE AMONIO SÓLIDO,8,,
1728,AMILTRICLOROSILANO,8,,
1729,CLORURO DE ANISOILO,8,,
1730,PENTACLORURO DE ANTIMONIO LÍQUIDO,8,,
1731,PENTACLORURO DE ANTIMONIO EN SOLUCIÓN,8,,
1732,PENTAFLUORURO DE ANTIMONIO,8,6.1,
1733,TRICLORURO DE ANTIMONIO,8,,
1736,CLORURO DE BENZOILO,8,,
1737,BROMURO DE BENCILO,6.1,8,
1738,CLORURO DE BENCILO,6.1,8,
1739,CLOROFORMIATO DE BENCILO,8,,
1740,"HIDROGENODIFLUORUROS SÓLIDOS, N.E.P.",8,,Corrosivos.
1741,TRICLORURO DE BORO,2.3,8,
1742,"TRIFLUORURO DE BORO Y ÁCIDO ACÉTICO, COMPLEJO LÍQUIDO DE",8,,
1743,"TRIFLUORURO DE BORO Y ÁCIDO PROPIÓNICO, COMPLEJO LÍQUIDO DE",8,,
1744,BROMO o BROMO EN SOLUCIÓN,8,6.1,
1745,PENTAFLUORURO DE BROMO,5.1,6.1\n8,
1746,TRIFLUORURO DE BROMO,5.1,6.1\n8,
1747,BUTILTRICLOROSILANO,8,3,
1748,"HIPOCLORITO DE CALCIO SECO o HIPOCLORITO DE CALCIO EN MEZCLA SECA, con más del 39% de cloro activo (8,8% de oxígeno activo)",5.1,,
1749,TRIFLUORURO DE CLORO,2.3,5.1\n8,
1750,ÁCIDO CLOROACÉTICO EN SOLUCIÓN,6.1,8,
1751,ÁCIDO CLOROACÉTICO SÓLIDO,6.1,8,
1752,CLORURO DE CLOROACETILO,6.1,8,
1753,CLOROFENILTRICLOROSILANO,8,,
1754,ÁCIDO CLOROSULFÓNICO (con o sin trióxido de azufre),8,,
1755,ÁCIDO CRÓMICO EN SOLUCIÓN,8,,
1756,FLUORURO DE CROMO(III) SÓLIDO,8,,
1757,FLUORURO DE CROMO(III) EN SOLUCIÓN,8,,
1758,OXICLORURO DE CROMO(VI),8,,
1759,"SÓLIDO CORROSIVO, N.E.P.",8,,Corrosivos.
1760,"LÍQUIDO CORROSIVO, N.E.P.",8,,Corrosivos.
1761,CUPRIETILENDIAMINA EN SOLUCIÓN,8,6.1,
1762,CICLOHEXENILTRICLOROSILANO,8,,
1763,CICLOHEXIL- TRICLOROSILANO,8,,
1764,ÁCIDO DICLOROACÉTICO,8,,
1765,CLORURO DE DICLOROACETILO,8,,
1766,DICLOROFENILTRICLOROSILANO,8,,
1767,DIETILDICLOROSILANO,8,3,
1768,ÁCIDO DIFLUOROFOSFÓRICO ANHIDRO,8,,
1769,DIFENILDICLOROSILANO,8,,
1770,BROMURO DE DIFENILMETILO,8,,
1771,DODECILTRICLOROSILANO,8,,
1773,CLORURO DE HIERRO(III) ANHIDRO,8,,
1774,"EXTINTORES DE INCENDIOS, CARGAS PARA, líquidos corrosivos",8,,
1775,ÁCIDO FLUOROBÓRICO,8,,
1776,ÁCIDO FLUOROFOSFÓRICO ANHIDRO,8,,
1777,ÁCIDO FLUOROSULFÓNICO,8,,
1778,ÁCIDO FLUOROSILÍCICO,8,,
1779,"ÁCIDO FÓRMICO con más del 85%, en masa, de ácido",8,3,
1780,CLORURO DE FUMARILO,8,,
1781,HEXADECIL- TRICLOROSILANO,8,,
1782,ÁCIDO HEXAFLUOROFOSFÓRICO,8,,
1783,HEXAMETILENDIAMINA EN SOLUCIÓN,8,,
1784,HEXILTRICLOROSILANO,8,,
1786,"ÁCIDO FLUORHÍDRICO Y ÁCIDO SULFÚRICO, MEZCLA DE",8,6.1,
1787,ÁCIDO YODHÍDRICO,8,,
1788,ÁCIDO BROMHÍDRICO,8,,
1789,ÁCIDO CLORHÍDRICO,8,,
1790,ÁCIDO FLUORHÍDRICO con más del 60% de fluoruro de hidrógeno,8,6.1,
1790,ÁCIDO FLUORHÍDRICO con un máximo del 60% de fluoruro de hidrógeno,8,6.1,
1791,HIPOCLORITOS EN SOLUCIÓN,8,,
1792,"MONOCLORURO DE YODO, SÓLIDO",8,,
1793,FOSFATO ÁCIDO DE ISOPROPILO,8,,
1794,SULFATO DE PLOMO con más del 3% de ácido libre,8,,
1796,ÁCIDO SULFONÍTRICO EN MEZCLA (ÁCIDO MIXTO) con un máximo del 50% de ácido nítrico,8,5.1,
1796,ÁCIDO SULFONÍTRICO EN MEZCLA (ÁCIDO MIXTO) con un máximo del 50% de ácido nítrico,8,,
1798,ÁCIDO CLORHÍDRICO Y ÁCIDO NÍTRICO EN MEZCLA,8,,
1799,NONILTRICLOROSILANO,8,,
1800,OCTADECIL- TRICLOROSILANO,8,,
1801,OCTILTRICLOROSILANO,8,,
1802,"ÁCIDO PERCLÓRICO con un máximo del 50%, en masa, de ácido",8,5.1,
1803,ÁCIDO FENOLSULFÓNICO LÍQUIDO,8,,
1804,FENILTRICLOROSILANO,8,,
1805,ÁCIDO FOSFÓRICO EN SOLUCIÓN,8,,
1806,PENTACLORURO DE FÓSFORO,8,,
1807,PENTÓXIDO DE FÓSFORO,8,,
1808,TRIBROMURO DE FÓSFORO,8,,
1809,TRICLORURO DE FÓSFORO,6.1,8,
1810,OXICLORURO DE FÓSFORO,6.1,8,
1811,"HIDROGENODIFLUORURO DE POTASIO, SÓLIDO",8,6.1,
1812,FLUORURO DE POTASIO SÓLIDO,6.1,,
1813,HIDRÓXIDO DE POTASIO SÓLIDO,8,,
1814,HIDRÓXIDO DE POTASIO EN SOLUCIÓN,8,,
1815,CLORURO DE PROPIONILO,3,8,
1816,PROPILTRICLOROSILANO,8,3,
1817,CLORURO DE PIROSULFURILO,8,,
1818,TETRACLORURO DE SILICIO,8,,
1819,ALUMINATO DE SODIO EN SOLUCIÓN,8,,
1823,HIDRÓXIDO DE SODIO SÓLIDO,8,,
1824,HIDRÓXIDO DE SODIO EN SOLUCIÓN,8,,
1825,MONÓXIDO DE SODIO,8,,
1826,ÁCIDO SULFONÍTRICO EN MEZCLA AGOTADO (ÁCIDO MIXTO RESIDUAL) con más del 50% de ácido nítrico,8,5.1,
1826,ÁCIDO SULFONÍTRICO EN MEZCLA AGOTADO (ÁCIDO MIXTO RESIDUAL) con no más del 50% de ácido nítrico,8,,
1827,CLORURO DE ESTAÑO(IV) ANHIDRO,8,,
1828,CLORUROS DE AZUFRE,8,,
1829,TRIÓXIDO DE AZUFRE ESTABILIZADO,8,,
1830,ÁCIDO SULFÚRICO con más del 51% de ácido,8,,
1831,ÁCIDO SULFÚRICO FUMANTE,8,6.1,
1832,ÁCIDO SULFÚRICO AGOTADO,8,,
1833,ÁCIDO SULFUROSO,8,,
1834,CLORURO DE SULFURILO,6.1,8,
1835,HIDRÓXIDO DE TETRAMETILAMONIO EN SOLUCIÓN,8,,
1836,CLORURO DE TIONILO,8,,
1837,CLORURO DE TIOFOSFORILO,8,,
1838,TETRACLORURO DE TITANIO,6.1,8,
1839,ÁCIDO TRICLOROACÉTICO,8,,
1840,CLORURO DE CINC EN SOLUCIÓN,8,,
1841,ACETALDEHÍDO DE AMONIO,9,,
1843,"DINITRO-o-CRESOLATO DE AMONIO, SÓLIDO",6.1,,
1845,DIÓXIDO DE CARBONO SÓLIDO (HIELO SECO),9,,
1846,TETRACLORURO DE CARBONO,6.1,,
1847,SULFURO DE POTASIO HIDRATADO con un mínimo del 30% de agua de cristalización,8,,
1848,"ÁCIDO PROPIÓNICO con un mínimo del 10% y un máximo de 90%, en masa, de ácido",8,,
1849,SULFURO DE SODIO HIDRATADO con un mínimo del 30% de agua,8,,
1851,"MEDICAMENTO LÍQUIDO, TÓXICO, N.E.P.",6.1,,Tóxicos
1854,"BARIO, ALEACIONES PIROFÓRICAS DE",4.2,,
1855,"CALCIO PIROFÓRICO o CALCIO, ALEACIONES PIROFÓRICAS DE",4.2,,
1856,TRAPOS GRASIENTOS,4.2,,
1857,DESECHOS TEXTILES HÚMEDOS,4.2,,
1858,HEXAFLUOROPROPILENO (GAS REFRIGERANTE R 1216),2.2,,
1859,TETRAFLUORURO DE SILICIO,2.3,8,
1860,FLUORURO DE VINILO ESTABILIZADO,2.1,,
1862,CROTONATO DE ETILO,3,,
1863,COMBUSTIBLE PARA MOTORES DE TURBINA DE AVIACIÓN,3,,
1865,NITRATO DE n-PROPILO,3,,
1866,"RESINA, SOLUCIONES DE, inflamables",3,,
1868,DECABORANO,4.1,6.1,
1869,"MAGNESIO o ALEACIONES DE MAGNESIO con más del 50% de magnesio en recortes, gránulos o tiras",4.1,,
1870,BOROHIDRURO DE POTASIO,4.3,,
1871,HIDRURO DE TITANIO,4.1,,
1872,DIÓXIDO DE PLOMO,5.1,,
1873,"ÁCIDO PERCLÓRICO con más del 50% pero no más del 72%, en masa, de ácido",5.1,8,
1884,ÓXIDO DE BARIO,6.1,,
1885,BENCIDINA,6.1,,
1886,CLORURO DE BENCILIDENO,6.1,,
1887,BROMOCLOROMETANO,6.1,,
1888,CLOROFORMO,6.1,,
1889,BROMURO DE CIANÓGENO,6.1,8,
1891,BROMURO DE ETILO,3,6.1,
1892,ETILDICLOROARSINA,6.1,,
1894,HIDRÓXIDO DE FENILMERCURIO,6.1,,
1895,NITRATO DE FENILMERCURIO,6.1,,
1897,TETRACLOROETILENO,6.1,,
1898,YODURO DE ACETILO,8,,
1902,FOSFATO ÁCIDO DE DIISOOCTILO,8,,
1903,"DESINFECTANTE LÍQUIDO CORROSIVO, N.E.P.",8,,
1905,ÁCIDO SELÉNICO,8,,
1906,LODOS ÁCIDOS,8,,
1907,CAL SODADA con más del 4% de hidróxido de sodio,8,,
1908,CLORITOS EN SOLUCIÓN,8,,
1910,ÓXIDO DE CALCIO,8,,
1911,DIBORANO,2.3,2.1,
1912,"CLORURO DE METILO Y CLORURO DE METILENO, MEZCLA DE",2.1,,
1913,NEÓN LÍQUIDO REFRIGERADO,2.2,,
1914,PROPIONATOS DE BUTILO,3,,
1915,CICLOHEXANONA,3,,
1916,"ÉTER 2,2'- DICLORODIETÍLICO",6.1,3,
1917,ACRILATO DE ETILO ESTABILIZADO,3,,
1918,ISOPROPILBENCENO,3,,
1919,ACRILATO DE METILO ESTABILIZADO,3,,
1920,NONANOS,3,,
1921,PROPILENIMINA ESTABILIZADA,3,6.1,
1922,PIRROLIDINA,3,8,
1923,DITIONITO DE CALCIO (HIDROSULFITO CÁLCICO),4.2,,
1928,BROMURO DE METILMAGNESIO EN ÉTER ETÍLICO,4.3,3,
1929,DITIONITO POTÁSICO (HIDROSULFITO POTÁSICO),4.2,,
1931,DITIONITO DE CINC (HIDROSULFITO DE CINC),9,,
1932,"CIRCONIO, DESECHOS DE",4.2,,
1935,"CIANURO EN SOLUCIÓN, N.E.P.",6.1,,Tóxicos
1938,ÁCIDO BROMOACÉTICO EN SOLUCIÓN,8,,
1939,OXIBROMURO DE FÓSFORO,8,,
1940,ÁCIDO TIOGLICÓLICO,8,,
1941,DIBROMODIFLUORO- METANO,9,,
1942,"NITRATO DE AMONIO con un máximo del 0,2% de substancias combustibles, incluida toda substancia orgánica expresada en equivalente de carbono, con exclusión de cualquier otra substancia añadida",5.1,,
1944,"FÓSFOROS DE SEGURIDAD (en estuches, cartones o cajas)",4.1,,
1945,"FÓSFOROS DE CERA ""VESTA""",4.1,,
1950,AEROSOLES,2,,
1951,ARGÓN LÍQUIDO REFRIGERADO,2.2,,
1952,"ÓXIDO DE ETILENO Y DIÓXIDO DE CARBONO, MEZCLA DE, con un máximo del 9% de óxido de etileno",2.2,,
1953,"GAS COMPRIMIDO TÓXICO, INFLAMABLE, N.E.P.",2.3,2.1,Gases tóxicos.
1954,"GAS COMPRIMIDO INFLAMABLE, N.E.P.",2.1,,Gases inflamables.
1955,"GAS COMPRIMIDO TÓXICO, N.E.P.",2.3,,Gases tóxicos.
1956,"GAS COMPRIMIDO, N.E.P.",2.2,,"Gases no inflamables, no tóxicos."
1957,DEUTERIO COMPRIMIDO,2.1,,
1958,"1,2-DICLORO-1,1,2,2- TETRAFLUOROETANO (GAS REFRIGERANTE R 114)",2.2,,
1959,"1,1-DIFLUOROETILENO (GAS REFRIGERANTE R 1132a)",2.1,,
1961,ETANO LÍQUIDO REFRIGERADO,2.1,,
1962,ETILENO,2.1,,
1963,HELIO LÍQUIDO REFRIGERADO,2.2,,
1964,"HIDROCARBUROS GASEOSOS COMPRIMIDOS EN MEZCLA, N.E.P.",2.1,,Gases inflamables.
1965,"HIDROCARBUROS GASEOSOS LICUADOS EN MEZCLA, N.E.P.",2.1,,Gases inflamables.
1966,HIDRÓGENO LÍQUIDO REFRIGERADO,2.1,,
1967,"INSECTICIDA GASEOSO TÓXICO, N.E.P.",2.3,,Gases tóxicos.
1968,"INSECTICIDA GASEOSO, N.E.P.",2.2,,"Gases no inflamables, no tóxicos."
1969,ISOBUTANO,2.1,,
1970,CRIPTÓN LÍQUIDO REFRIGERADO,2.2,,
1971,METANO COMPRIMIDO o GAS NATURAL COMPRIMIDO con alta proporción de metano,2.1,,
1972,METANO LÍQUIDO REFRIGERADO o GAS NATURAL LÍQUIDO REFRIGERADO con alta proporción de metano,2.1,,
1973,"CLORODIFLUOROMETANO Y CLOROPENTAFLUOROETANO, MEZCLA DE, de punto de ebullición constante, con alrededor del 49% de clorodifluorometano (GAS REFRIGERANTE R 502)",2.2,,
1974,CLORODIFLUOROMETANO (GAS REFRIGERANTE R 12B1),2.2,,
1975,MONÓXIDO DE NITRÓGENO Y TETRAÓXIDO DE DINITRÓGENO EN MEZCLA (ÓXIDO NÍTRICO Y DIÓXIDO DE NITRÓGENO EN MEZCLA),2.3,5.1\n8,
1976,OCTAFLUORO- CICLOBUTANO (GAS REFRIGERANTE RC 318),2.2,,
1977,NITRÓGENO LÍQUIDO REFRIGERADO,2.2,,
1978,PROPANO,2.1,,
1982,TETRAFLUOROMETANO (GAS REFRIGERANTE R 14),2.2,,
1983,"1-CLORO-2,2,2- TRIFLUOROETANO (GAS REFRIGERANTE R 133a)",2.2,,
1984,TRIFLUOROMETANO (GAS REFRIGERANTE R 23),2.2,,
1986,"ALCOHOLES INFLAMABLES, TÓXICOS, N.E.P.",3,6.1,Líquidos inflamables.
1987,"ALCOHOLES, N.E.P.",3,,Líquidos inflamables.
1988,"ALDEHÍDOS INFLAMABLES, TÓXICOS, N.E.P.",3,6.1,Líquidos inflamables.
1989,"ALDEHÍDOS, N.E.P.",3,,Líquidos inflamables.
1990,BENZALDEHÍDO,9,,
1991,CLOROPRENO ESTABILIZADO,3,6.1,
1992,"LÍQUIDO INFLAMABLE, TÓXICO, N.E.P.",3,6.1,Líquidos inflamables.
1993,"LÍQUIDO INFLAMABLE, N.E.P.",3,,Líquidos inflamables.
1994,HIERRO PENTACARBONILO,6.1,3,
1999,"ALQUITRANES LÍQUIDOS, incluidos los aglomerantes para carreteras y los asfaltos rebajados",3,,
2000,"CELULOIDE en bloques, barras, rollos, hojas, tubos, etc., excepto los desechos",4.1,,
2001,"NAFTENATOS DE COBALTO, EN POLVO",4.1,,
2002,"CELULOIDE, DESECHOS DE",4.2,,
2004,DIAMIDA DE MAGNESIO,4.2,,
2006,"PLÁSTICOS A BASE DE NITROCELULOSA QUE EXPERIMENTAN CALENTAMIENTO ESPONTÁNEO, N.E.P.",4.2,,Solidos inflamables de reacción espontanea.
2008,"CIRCONIO EN POLVO, SECO",4.2,,
2009,"CIRCONIO SECO, en láminas, tiras o alambre",4.2,,
2010,HIDRURO DE MAGNESIO,4.3,,
2011,FOSFURO DE MAGNESIO,4.3,6.1,
2012,FOSFURO DE POTASIO,4.3,6.1,
2013,FOSFURO DE ESTRONCIO,4.3,6.1,
2014,PERÓXIDO DE HIDRÓGENO EN SOLUCIÓN ACUOSA con un mínimo del 20% pero no más del 60% de peróxido de hidrógeno (estabilizada según sea necesario),5.1,8,
2015,"PERÓXIDO DE HIDRÓGENO ESTABILIZADO, o PERÓXIDO DE HIDRÓGENO EN SOLUCIÓN ACUOSA ESTABILIZADA con más del 60% de peróxido de hidrógeno",5.1,8,
2016,"MUNICIONES TÓXICAS NO EXPLOSIVAS, sin carga dispersora ni carga expulsora, sin cebo",6.1,,
2017,"MUNICIONES LACRIMÓGENAS NO EXPLOSIVAS, sin carga dispersora ni carga expulsora, sin cebo",6.1,8,
2018,CLOROANILINAS SÓLIDAS,6.1,,
2019,CLOROANILINAS LÍQUIDAS,6.1,,
2020,CLOROFENOLES SÓLIDOS,6.1,,
2021,CLOROFENOLES LÍQUIDOS,6.1,,
2022,ÁCIDO CRESÍLICO,6.1,8,
2023,EPICLORHIDRINA,6.1,3,
2024,"MERCURIO, COMPUESTO LÍQUIDO DE, N.E.P.",6.1,,Tóxicos
2025,"MERCURIO, COMPUESTO SÓLIDO DE, N.E.P.",6.1,,Tóxicos
2026,"FENILMERCURIO, COMPUESTO, N.E.P.",6.1,,Tóxicos
2027,ARSENITO DE SODIO SÓLIDO,6.1,,
2028,"BOMBAS FUMÍGENAS NO EXPLOSIVAS que contienen un líquido corrosivo, sin dispositivo de cebado",8,,
2029,HIDRAZINA ANHIDRA,8,3\n6.1,
2030,"HIDRAZINA EN SOLUCIÓN ACUOSA con más del 37%, en masa, de hidrazina",8,6.1,
2031,"ÁCIDO NÍTRICO, excepto el ácido nítrico fumante rojo, con más del 70% de ácido nítrico",8,5.1,
2031,"ÁCIDO NÍTRICO, excepto el ácido nítrico fumante rojo, con un mínimo del 65% pero no más del 70% de ácido nítrico",8,5.1,
2031,"ÁCIDO NÍTRICO, excepto el ácido nítrico fumante rojo, con menos del 65% de ácido nítrico",8,,
2032,ÁCIDO NÍTRICO FUMANTE ROJO,8,5.1\n6.1,
2033,MONÓXIDO DE POTASIO,8,,
2034,"HIDRÓGENO Y METANO, MEZCLA COMPRIMIDA DE",2.1,,
2035,"1,1,1-TRIFLUOROETANO (GAS REFRIGERANTE R 143a)",2.1,,
2036,XENÓN,2.2,,
2037,"RECIPIENTES PEQUEÑOS QUE CONTIENEN GAS, (CARTUCHOS DE GAS) sin dispositivo de descarga, no rellenables",2,,
2038,DINITROTOLUENOS LÍQUIDOS,6.1,,
2044,"2,2-DIMETILPROPANO diferente del pentano y del isopentano",2.1,,
2045,ISOBUTIRALDEHÍDO (ALDEHÍDO ISOBUTÍRICO),3,,
2046,CIMENOS,3,,
2047,DICLOROPROPENOS,3,,
2048,DICICLOPENTADIENO,3,,
2049,DIETILBENCENO,3,,
2050,"DIISOBUTILENO, COMPUESTOS ISOMÉRICOS DEL",3,,
2051,2-DIMETILAMINOETANOL,8,3,
2052,DIPENTENO,3,,
2053,ALCOHOL METILAMÍLICO,3,,
2054,MORFOLINA,8,3,
2055,ESTIRENO MONÓMERO ESTABILIZADO,3,,
2056,TETRAHIDROFURANO,3,,
2057,TRIPROPILENO,3,,
2058,VALERILALDEHÍDO,3,,
2059,"NITROCELULOSA EN SOLUCIÓN INFLAMABLE con un máximo del 12,6%, en masa, de nitrógeno y un máximo del 55% de nitrocelulosa",3,,
2067,ABONOS A BASE DE NITRATO DE AMONIO,5.1,,
2071,ABONOS A BASE DE NITRATO DE AMONIO,9,,
2073,"AMONIACO EN SOLUCIÓN acuosa de densidad relativa inferior a 0,880 a 15°C, con más del 35% pero no más del 50% de amoniaco",2.2,,
2074,ACRILAMIDA SÓLIDA,6.1,,
2075,CLORAL ANHIDRO ESTABILIZADO,6.1,,
2076,CRESOLES LÍQUIDOS,6.1,8,
2077,alfa-NAFTILAMINA,6.1,,
2078,DIISOCIANATO DE TOLUENO,6.1,,
2079,DIETILENTRIAMINA,8,,
2186,CLORURO DE HIDRÓGENO LÍQUIDO REFRIGERADO,2.3,8,
2187,DIÓXIDO DE CARBONO LÍQUIDO REFRIGERADO,2.2,,
2188,ARSINA,2.3,2.1,
2189,DICLOROSILANO,2.3,2.1\n8,
2190,"DIFLUORURO DE OXÍGENO, COMPRIMIDO",2.3,5.1\n8,
2191,FLUORURO DE SULFURILO,2.3,,
2192,GERMANO,2.3,2.1,
2193,HEXAFLUOROETANO (GAS REFRIGERANTE R 116),2.2,,
2194,HEXAFLUORURO DE SELENIO,2.3,8,
2195,HEXAFLUORURO DE TELURIO,2.3,8,
2196,HEXAFLUORURO DE TUNGSTENO,2.3,8,
2197,YODURO DE HIDRÓGENO ANHIDRO,2.3,8,
2198,PENTAFLUORURO DE FÓSFORO,2.3,8,
2199,FOSFANO,2.3,2.1,
2200,PROPADIENO ESTABILIZADO,2.1,,
2201,ÓXIDO NITROSO LÍQUIDO REFRIGERADO,2.2,5.1,
2202,SELENIURO DE HIDRÓGENO ANHIDRO,2.3,2.1,
2203,SILANO,2.1,,
2204,SULFURO DE CARBONILO,2.3,2.1,
2205,ADIPONITRILO,6.1,,
2206,"ISOCIANATOS TÓXICOS, N.E.P. o ISOCIANATOS EN SOLUCIÓN, TÓXICOS, N.E.P.",6.1,,Tóxicos
2208,HIPOCLORITO DE CALCIO EN MEZCLA SECA con más del 10% pero no más del 39% de cloro activo,5.1,,
2209,FORMALDEHÍDO EN SOLUCIÓN con un mínimo del 25% de formaldehído,8,,
2210,"MANEB o PREPARADOS DE MANEB, con un mínimo del 60% de maneb",4.2,4.3,
2211,POLÍMERO EN BOLITAS DILATABLES que desprenden vapores inflamables,9,,
2212,"AMIANTO, ANFIBOL (amosita, tremolita, actinolita, antofilita, crocidolita)",9,,
2213,PARAFORMALDEHÍDO,4.1,,
2214,"ANHÍDRIDO FTÁLICO con más del 0,05% de anhídrido maleico",8,,
2215,ANHÍDRIDO MALEICO,8,,
2215,ANHÍDRIDO MALEICO FUNDIDO,8,,
2216,HARINA DE PESCADO (DESECHOS DE PESCADO) ESTABILIZADA,9,,
2217,"TORTA OLEAGINOSA con un máximo del 1,5% de aceite y un máximo del 11% humedad",4.2,,
2218,ÁCIDO ACRÍLICO ESTABILIZADO,8,3,
2219,ÉTER ALILGLICIDÍLICO (ALIL GLICIDIL ÉTER),3,,
2222,ANISOL,3,,
2224,BENZONITRILO,6.1,,
2225,CLORURO DE BENCENOSULFONILO,8,,
2226,BENZOTRICLORURO,8,,
2227,METACRILATO DE n- BUTILO ESTABILIZADO,3,,
2232,2-CLOROETANAL,6.1,,
2233,CLOROANISIDINAS,6.1,,
2234,CLOROBENZO- TRIFLUORUROS,3,,
2235,"CLORUROS DE CLOROBENCILO, LÍQUIDOS",6.1,,
2236,"ISOCIANATO DE 3-CLORO-4- METILFENILO, LÍQUIDO",6.1,,
2237,CLORONITROANILINAS,6.1,,
2238,CLOROTOLUENOS,3,,
2239,CLOROTOLUIDINAS SÓLIDAS,6.1,,
2240,ÁCIDO CROMOSULFÚRICO,8,,
2241,CICLOHEPTANO,3,,
2242,CICLOHEPTENO,3,,
2243,ACETATO DE CICLOHEXILO,3,,
2244,CICLOPENTANOL,3,,
2245,CICLOPENTANONA,3,,
2246,CICLOPENTENO,3,,
2247,n-DECANO,3,,
2248,DI-n-BUTILAMINA,8,3,
2249,ÉTER DICLORODIMETÍLICO SIMÉTRICO,6.1,3,
2250,ISOCIANATOS DE DICLOROFENILO,6.1,,
2251,"BICICLO [2.2.1]HEPTA-2,5-DIENO ESTABILIZADO (2,5-NORBORNADIENO ESTABILIZADO).",3,,
2252,"1,2-DIMETOXIETANO",3,,
2253,"N, N-DIMETILANILINA",6.1,,
2254,FÓSFOROS RESISTENTES AL VIENTO,4.1,,
2256,CICLOHEXENO,3,,
2257,POTASIO,4.3,,
2258,"1,2-PROPILENDIAMINA",8,3,
2259,TRIETILENTETRAMINA,8,,
2260,TRIPROPILAMINA,3,8,
2261,XILENOLES SÓLIDOS,6.1,,
2262,CLORURO DE DIMETILCARBAMOÍLO,8,,
2263,DIMETILCICLOHEXANOS,3,,
2264,"N, N-DIMETIL- CICLOHEXILAMINA",8,3,
2265,"N, N-DIMETILFORMAMIDA",3,,
2266,"N, N-DIMETILPROPILAMINA",3,8,
2267,CLORURO DE DIMETILTIOFOSFORILO,6.1,8,
2269,"3,3´-IMINOBISPROPILAMINA",8,,
2270,ETILAMINA EN SOLUCIÓN ACUOSA con un mínimo del 50% pero no más del 70% de etilamina,3,8,
2271,AMIL ETIL CETONA,3,,
2272,N-ETILANILINA,6.1,,
2273,2-ETILANILINA,6.1,,
2274,N-ETIL-N-BENCILANILINA,6.1,,
2275,2-ETILBUTANOL,3,,
2276,2-ETILHEXILAMINA,3,8,
2277,METACRILATO DE ETILO ESTABILIZADO,3,,
2278,n-HEPTENO,3,,
2279,HEXACLOROBUTADIENO,6.1,,
2280,HEXAMETILENDIAMINA SÓLIDA,8,,
2281,DIISOCIANATO DE HEXAMETILENO,6.1,,
2282,HEXANOLES,3,,
2283,METACRILATO DE ISOBUTILO ESTABILIZADO,3,,
2284,ISOBUTIRONITRILO,3,6.1,
2285,ISOCIANATOBENZOTRI- FLUORUROS,6.1,3,
2286,PENTAMETILHEPTANO,3,,
2287,ISOHEPTENOS,3,,
2288,ISOHEXENOS,3,,
2289,ISOFORONDIAMINA,8,,
2290,DIISOCIANATO DE ISOFORONA,6.1,,
2291,"PLOMO, COMPUESTO DE, SOLUBLE, N.E.P.",6.1,,Tóxicos
2293,4-METIL-4-METOXIPENTAN-2-ONA,3,,
2294,N-METILANILINA,6.1,,
2295,CLOROACETATO DE METILO,6.1,3,
2296,METILCICLOHEXANO,3,,
2297,METILCICLOHEXANONA,3,,
2298,METILCICLOPENTANO,3,,
2299,DICLOROACETATO DE METILO,6.1,,
2300,2-METIL-5-ETILPIRIDINA,6.1,,
2301,2-METILFURANO,3,,
2302,5-METIL-2-HEXANONA,3,,
2303,ISOPROPENILBENCENO,3,,
2304,NAFTALENO FUNDIDO,4.1,,
2305,ÁCIDO NITROBENCENOSULFÓNICO,8,,
2306,NITROBENZO- TRIFLUORUROS LÍQUIDOS,6.1,,
2307,3-NITRO-4-CLORO- BENZOTRIFLUORURO,6.1,,
2308,ÁCIDO NITROSILSULFÚRICO LÍQUIDO,8,,
2309,OCTADIENO,3,,
2310,"PENTANO-2,4-DIENO",3,6.1,
2311,FENETIDINAS,6.1,,
2312,FENOL FUNDIDO,6.1,,
2313,PICOLINAS,3,,
2315,DIFENILOS POLICLORADOS LÍQUIDOS,9,,
2316,CUPROCIANURO DE SODIO SÓLIDO,6.1,,
2317,CUPROCIANURO DE SODIO EN SOLUCIÓN,6.1,,
2318,HIDROGENOSULFURO DE SODIO con menos del 25% de agua de cristalización,4.2,,
2319,"HIDROCARBUROS TERPÉNICOS, N.E.P.",3,,Líquidos inflamables.
2320,TETRAETILENPENTAMINA,8,,
2321,TRICLOROBENCENOS LÍQUIDOS,6.1,,
2322,TRICLOROBUTENO,6.1,,
2323,FOSFITO DE TRIETILO,3,,
2324,TRIISOBUTILENO,3,,
2325,"1,3,5-TRIMETILBENCENO",3,,
2326,TRIMETILCICLO- HEXILAMINA,8,,
2327,TRIMETILHEXAMETILEN- DIAMINAS,8,,
2328,DIISOCIANATO DE TRIMETILHEXAMETILENO,6.1,,
2329,FOSFITO DE TRIMETILO,3,,
2330,UNDECANO,3,,
2331,CLORURO DE CINC ANHIDRO,8,,
2332,ACETALDOXIMA,3,,
2333,ACETATO DE ALILO,3,6.1,
2334,ALILAMINA,6.1,3,
2335,ALIL ETIL ÉTER,3,6.1,
2336,FORMIATO DE ALILO,3,6.1,
2337,FENILMERCAPTANO,6.1,3,
2338,BENZOTRIFLUORURO,3,,
2339,2-BROMOBUTANO,3,,
2340,2-BROMOETIL ETIL ÉTER,3,,
2341,1-BROMO-3-METILBUTANO,3,,
2342,BROMOMETILPROPANOS,3,,
2343,2-BROMOPENTANO,3,,
2344,BROMOPROPANOS,3,,
2345,3-BROMOPROPINO,3,,
2346,BUTANODIONA,3,,
2347,BUTILMERCAPTANO,3,,
2348,ACRILATOS DE BUTILO ESTABILIZADOS,3,,
2350,BUTIL METIL ÉTER,3,,
2351,NITRITOS DE BUTILO,3,,
2352,BUTIL VINIL ÉTER ESTABILIZADO,3,,
2353,CLORURO DE BUTIRILO,3,8,
2354,CLOROMETIL ÉTIL ÉTER,3,6.1,
2356,2-CLOROPROPANO,3,,
2357,CICLOHEXILAMINA,8,3,
2358,CICLOOCTATETRAENO,3,,
2359,DIALILAMINA,3,6.1\n8,
2360,DIALIL ÉTER,3,6.1,
2361,DIISOBUTILAMINA,3,8,
2362,"1,1-DICLOROETANO",3,,
2363,ETILMERCAPTANO,3,,
2364,n-PROPILBENCENO,3,,
2366,CARBONATO DE DIETILO,3,,
2367,alfa-METILVALERALDEHÍDO,3,,
2368,alfa-PINENO,3,,
2370,1-HEXENO,3,,
2371,ISOPENTENOS,3,,
2372,"1,2-DI-(DIMETILAMINO) ETANO",3,,
2373,DIETOXIMETANO,3,,
2374,"3,3-DIETOXIPROPENO",3,,
2375,SULFURO DE DIETILO,3,,
2376,"2,3-DIHIDROPIRANO",3,,
2377,"1,1-DIMETOXIETANO",3,,
2378,2-DIMETILAMINOACETONITRILO,3,6.1,
2379,"1,3-DIMETILBUTILAMINA",3,8,
2380,DIMETILDIETOXISILANO,3,,
2381,DISULFURO DE DIMETILO,3,6.1,
2382,DIMETILHIDRAZINA SIMÉTRICA,6.1,3,
2383,DIPROPILAMINA,3,8,
2384,ÉTER DI-n-PROPÍLICO,3,,
2385,ISOBUTIRATO DE ETILO,3,,
2386,1-ETILPIPERIDINA,3,8,
2387,FLUOROBENCENO,3,,
2388,FLUOROTOLUENOS,3,,
2389,FURANO,3,,
2390,2-YODOBUTANO,3,,
2391,YODOMETILPROPANOS,3,,
2392,YODOPROPANOS,3,,
2393,FORMIATO DE ISOBUTILO,3,,
2394,PROPIONATO DE ISOBUTILO,3,,
2395,CLORURO DE ISOBUTIRILO,3,8,
2396,METACRILALDEHÍDO ESTABILIZADO,3,6.1,
2397,3-METIL-2-BUTANONA,3,,
2398,METIL-terc-BUTILÉTER,3,,
2399,1-METILPIPERIDINA,3,8,
2400,ISOVALERIANATO DE METILO,3,,
2401,PIPERIDINA,8,3,
2402,PROPANOTIOLES,3,,
2403,ACETATO DE ISOPROPENILO,3,,
2404,PROPIONITRILO,3,6.1,
2405,BUTIRATO DE ISOPROPILO,3,,
2406,ISOBUTIRATO DE ISOPROPILO,3,,
2407,CLOROFORMIATO DE ISOPROPILO,6.1,3\n8,
2409,PROPIONATO DE ISOPROPILO,3,,
2410,"1,2,3,6-TETRAHIDRO- PIRIDINA",3,,
2411,BUTIRONITRILO,3,6.1,
2412,TETRAHIDROTIOFENO,3,,
2413,ORTOTITANATO TETRAPROPÍLICO,3,,
2414,TIOFENO,3,,
2416,BORATO DE TRIMETILO,3,,
2417,FLUORURO DE CARBONILO,2.3,8,
2418,TETRAFLUORURO DE AZUFRE,2.3,8,
2419,BROMOTRIFLUORO- ETILENO,2.1,,
2420,HEXAFLUOROACETONA,2.3,8,
2421,TRIÓXIDO DE NITRÓGENO,2.3,5.1\n8,
2422,2-OCTAFLUOROBUTENO (GAS REFRIGERANTE R 1318),2.2,,
2424,OCTAFLUOROPROPANO (GAS REFRIGERANTE R 218),2.2,,
2426,NITRATO DE AMONIO LÍQUIDO (en solución concentrada caliente),5.1,,
2427,CLORATO DE POTASIO EN SOLUCIÓN ACUOSA,5.1,,
2428,CLORATO DE SODIO EN SOLUCIÓN ACUOSA,5.1,,
2429,CLORATO DE CALCIO EN SOLUCIÓN ACUOSA,5.1,,
2430,"ALQUILFENOLES SÓLIDOS, N.E.P. (incluidos los homólogos C2 a C12)",8,,Corrosivos.
2431,ANISIDINAS,6.1,,
2432,"N, N-DIETILANILINA",6.1,,
2433,CLORONITROTOLUENOS LÍQUIDOS,6.1,,
2434,DIBENCILDICLOROSILANO,8,,
2435,ETILFENILDICLOROSILANO,8,,
2436,ÁCIDO TIOACÉTICO,3,,
2437,METILFENILDICLORO- SILANO,8,,
2438,CLORURO DE TRIMETILACETILO,6.1,3\n8,
2439,HIDROGENODIFLUORURO DE SODIO,8,,
2440,CLORURO DE ESTAÑO(IV) PENTAHIDRATADO,8,,
2441,TRICLORURO DE TITANIO PIROFÓRICO o TRICLORURO DE TITANIO PIROFÓRICO EN MEZCLA,4.2,8,
2442,CLORURO DE TRICLOROACETILO,8,,
2443,OXITRICLORURO DE VANADIO,8,,
2444,TETRACLORURO DE VANADIO,8,,
2446,NITROCRESOLES SÓLIDOS,6.1,,
2447,FÓSFORO BLANCO FUNDIDO,4.2,6.1,
2448,AZUFRE FUNDIDO,4.1,,
2451,TRIFLUORURO DE NITRÓGENO,2.2,5.1,
2452,ETILACETILENO ESTABILIZADO,2.1,,
2453,FLUORURO DE ETILO (GAS REFRIGERANTE R 161),2.1,,
2454,FLUORURO DE METILO (GAS REFRIGERANTE R 41),2.1,,
2455,NITRITO DE METILO,2.2,,
2456,2-CLOROPROPENO,3,,
2457,"2,3-DIMETILBUTANO",3,,
2458,HEXADIENO,3,,
2459,2-METIL-1-BUTENO,3,,
2460,2-METIL-2-BUTENO,3,,
2461,METILPENTADIENO,3,,
2463,HIDRURO DE ALUMINIO,4.3,,
2464,NITRATO DE BERILIO,5.1,6.1,
2465,"ÁCIDO DICLOROISOCIANÚRICO SECO o ÁCIDO DICLOROISOCIANÚRICO, SALES DEL",5.1,,
2466,SUPERÓXIDO DE POTASIO,5.1,,
2468,ÁCIDO TRICLOROISOCIANÚRICO SECO,5.1,,
2469,BROMATO DE CINC,5.1,,
2470,FENILACETONITRILO LÍQUIDO,6.1,,
2471,TETRÓXIDO DE OSMIO,6.1,,
2473,ARSANILATO DE SODIO,6.1,,
2474,TIOFOSGENO,6.1,,
2475,TRICLORURO DE VANADIO,8,,
2477,ISOTIOCIANATO DE METILO,6.1,3,
2478,"ISOCIANATOS INFLAMABLES, TÓXICOS, N.E.P. o ISOCIANATOS EN SOLUCIÓN, INFLAMABLES, TÓXICOS, N.E.P.",3,6.1,Líquidos inflamables.
2480,ISOCIANATO DE METILO,6.1,3,
2481,ISOCIANATO DE ETILO,6.1,3,
2482,ISOCIANATO DE n-PROPILO,6.1,3,
2483,ISOCIANATO DE ISOPROPILO,6.1,3,
2484,ISOCIANATO DE terc-BUTILO,6.1,3,
2485,ISOCIANATO DE n-BUTILO,6.1,3,
2486,ISOCIANATO DE ISOBUTILO,6.1,3,
2487,ISOCIANATO DE FENILO,6.1,3,
2488,ISOCIANATO DE CICLOHEXILO,6.1,3,
2490,ÉTER DICLORO- ISOPROPÍLICO,6.1,,
2491,ETANOLAMINA o ETANOLAMINA EN SOLUCIÓN,8,,
2493,HEXAMETILENIMINA,3,8,
2495,PENTAFLUORURO DE YODO,5.1,6.1\n8,
2496,ANHÍDRIDO PROPIÓNICO,8,,
2498,"1,2,3,6-TETRAHIDRO-BENZALDEHÍDO",3,,
2501,ÓXIDO DE TRIS1 (1-AZIRIDINIL) FOSFANO EN SOLUCIÓN,6.1,,
2502,CLORURO DE VALERILO,8,3,
2503,TETRACLORURO DE CIRCONIO,8,,
2504,TETRABROMOETANO,6.1,,
2505,FLUORURO DE AMONIO,6.1,,
2506,SULFATO ÁCIDO DE AMONIO,8,,
2507,ÁCIDO CLOROPLATÍNICO SÓLIDO,8,,
2508,PENTACLORURO DE MOLIBDENO,8,,
2509,SULFATO ÁCIDO DE POTASIO,8,,
2511,ÁCIDO 2- CLOROPROPIÓNICO,8,,
2512,"AMINOFENOLES (o-, m-, p-)",6.1,,
2513,BROMURO DE BROMOACETILO,8,,
2514,BROMOBENCENO,3,,
2515,BROMOFORMO,6.1,,
2516,TETRABROMURO DE CARBONO,6.1,,
2517,"1-CLORO-1,1- DIFLUOROETANO (GAS REFRIGERANTE R 142 b)",2.1,,
2518,"1,5,9-CICLODODECATRIENO",6.1,,
2520,CICLOOCTADIENOS,3,,
2521,DICETENO ESTABILIZADO,6.1,3,
2522,METACRILATO DE 2- DIMETILAMINOETILO ESTABILIZADO,6.1,,
2524,ORTOFORMIATO DE ETILO,3,,
2525,OXALATO DE ETILO,6.1,,
2526,FURFURILAMINA,3,8,
2527,ACRILATO DE ISOBUTILO ESTABILIZADO,3,,
2528,ISOBUTIRATO DE ISOBUTILO,3,,
2529,ÁCIDO ISOBUTÍRICO,3,8,
2531,ÁCIDO METACRÍLICO ESTABILIZADO,8,,
2533,TRICLOROACETATO DE METILO,6.1,,
2534,METILCLOROSILANO,2.3,2.1\n8,
2535,4-METILMORFOLINA (N-METILMORFOLINA),3,8,
2536,METILTETRAHIDRO- FURANO,3,,
2538,NITRONAFTALENO,4.1,,
2541,TERPINOLENO,3,,
2542,TRIBUTILAMINA,6.1,,
2545,HAFNIO EN POLVO SECO,4.2,,
2546,TITANIO EN POLVO SECO,4.2,,
2547,SUPERÓXIDO DE SODIO,5.1,,
2548,PENTAFLUORURO DE CLORO,2.3,5.1\n8,
2552,"HIDRATO DE HEXAFLUOROACETONA, LÍQUIDO",6.1,,
2554,CLORURO DE METILALILO,3,,
2555,"NITROCELULOSA CON un mínimo del 25%, en masa, de AGUA",4.1,,
2556,"NITROCELULOSA CON un mínimo del 25%, en masa, de ALCOHOL y un máximo del 12,6%, en masa seca, de nitrógeno",4.1,,
2557,"NITROCELULOSA EN MEZCLA, con un máximo del 12,6%, en masa seca, de nitrógeno, CON o SIN PLASTIFICANTE, CON o SIN PIGMENTO",4.1,,
2558,EPIBROMHIDRINA,6.1,3,
2560,2-METIL-2-PENTANOL,3,,
2561,3-METIL-1-BUTENO,3,,
2564,ÁCIDO TRICLOROACÉTICO EN SOLUCIÓN,8,,
2565,DICICLOHEXILAMINA,8,,
2567,PENTACLOROFENATO DE SODIO,6.1,,
2570,"CADMIO, COMPUESTO DE",6.1,,Tóxicos
2571,ÁCIDOS ALQUILSULFÚRICOS,8,,
2572,FENILHIDRAZINA,6.1,,
2573,CLORATO DE TALIO,5.1,6.1,
2574,FOSFATO DE TRICRESILO con más del 3% de isómero orto,6.1,,
2576,"OXIBROMURO DE FÓSFORO, FUNDIDO",8,,
2577,CLORURO DE FENILACETILO,8,,
2578,TRIÓXIDO DE FÓSFORO,8,,
2579,PIPERAZINA,8,,
2580,BROMURO DE ALUMINIO EN SOLUCIÓN,8,,
2581,CLORURO DE ALUMINIO EN SOLUCIÓN,8,,
2582,CLORURO DE HIERRO(III) EN SOLUCIÓN,8,,
2583,"ÁCIDOS ALQUILSULFÓNICOS SÓLIDOS o ÁCIDOS ARILSULFÓNICOS SÓLIDOS, con más del 5% de ácido sulfúrico libre",8,,
2584,"ÁCIDOS ALQUILSULFÓNICOS LÍQUIDOS o ÁCIDOS ARILSULFÓNICOS LÍQUIDOS, con más del 5% de ácido sulfúrico libre",8,,
2585,"ÁCIDOS ALQUILSULFÓNICOS SÓLIDOS o ÁCIDOS ARILSULFÓNICOS SÓLIDOS, con un máximo del 5% de ácido sulfúrico libre",8,,
2586,"ÁCIDOS ALQUILSULFÓNICOS LÍQUIDOS o ÁCIDOS ARILSULFÓNICOS LÍQUIDOS, con un máximo del 5% de ácido sulfúrico libre",8,,
2587,BENZOQUINONA,6.1,,
2588,"PLAGUICIDA, SÓLIDO, TÓXICO, N.E.P.",6.1,,Tóxicos
2589,CLOROACETATO DE VINILO,6.1,3,
2590,"AMIANTO, CRISOTILO",9,,
2591,XENÓN LÍQUIDO REFRIGERADO,2.2,,
2599,"CLOROTRIFLUOROMETANO Y TRIFLUOROMETANO, MEZCLA AZEOTRÓPICA DE, con aproximadamente el 60% de clorotrifluorometano (GAS REFRIGERANTE R 503)",2.2,,
2601,CICLOBUTANO,2.1,,
2602,"DICLORODIFLUOROMETANO Y DIFLUOROETANO, MEZCLA AZEOTRÓPICA DE, con aproximadamente el 74% de diclorodifluorometano (GAS REFRIGERANTE R 500)",2.2,,
2603,CICLOHEPTATRIENO,3,6.1,
2604,DIETILETERATO DE TRIFLUORURO DE BORO,8,3,
2605,ISOCIANATO DE METOXIMETILO,6.1,3,
2606,ORTOSILICATO DE METILO,6.1,3,
2607,DÍMERO DE LA ACROLEÍNA ESTABILIZADO,3,,
2608,NITROPROPANOS,3,,
2609,BORATO DE TRIALILO,6.1,,
2610,TRIALILAMINA,3,8,
2611,CLORO-1 PROPANOL-2,6.1,3,
2612,METIL PROPIL ÉTER,3,,
2614,ALCOHOL METALÍLICO,3,,
2615,ETIL PROPIL ÉTER,3,,
2616,BORATO DE TRIISOPROPILO,3,,
2617,METILCICLOHEXANOLES inflamables,3,,
2618,VINILTOLUENOS ESTABILIZADOS,3,,
2619,BENCILDIMETILAMINA,8,3,
2620,BUTIRATOS DE AMILO,3,,
2621,ACETILMETILCARBINOL,3,,
2622,GLICIDALDEHÍDO,3,6.1,
2623,YESCAS SÓLIDAS con un líquido inflamable,4.1,,
2624,SILICIURO DE MAGNESIO,4.3,,
2626,ÁCIDO CLÓRICO EN SOLUCIÓN ACUOSA con un máximo del 10% de ácido clórico,5.1,,
2627,"NITRITOS INORGÁNICOS, N.E.P.",5.1,,Oxidantes.
2628,FLUOROACETATO DE POTASIO,6.1,,
2629,FLUOROACETATO DE SODIO,6.1,,
2630,SELENIATOS o SELENITOS,6.1,,
2642,ÁCIDO FLUOROACÉTICO,6.1,,
2643,BROMOACETATO DE METILO,6.1,,
2644,YODURO DE METILO,6.1,,
2645,BROMURO DE FENACILO,6.1,,
2646,HEXACLOROCICLOPENTADIENO,6.1,,
2647,MALONONITRILO,6.1,,
2648,"1,2-DIBROMO-3-BUTANONA",6.1,,
2649,"1,3-DICLOROACETONA",6.1,,
2650,"1,1-DICLORO-1- NITROETANO",6.1,,
2651,"4,4'-DIAMINODIFENIL- METANO",6.1,,
2653,YODURO DE BENCILO,6.1,,
2655,FLUOROSILICATO DE POTASIO,6.1,,
2656,QUINOLEÍNA,6.1,,
2657,DISULFURO DE SELENIO,6.1,,
2659,CLOROACETATO DE SODIO,6.1,,
2660,NITROTOLUIDINAS (MONO),6.1,,
2661,HEXACLOROACETONA,6.1,,
2664,DIBROMOMETANO,6.1,,
2667,BUTILTOLUENOS,6.1,,
2668,CLOROACETONITRILO,6.1,3,
2669,CLOROCRESOLES EN SOLUCIÓN,6.1,,
2670,CLORURO CIANÚRICO,8,,
2671,"AMINOPIRIDINAS (o-, m-, p-)",6.1,,
2672,"AMONIACO EN SOLUCIÓN acuosa de densidad relativa comprendida entre 0,880 y 0,957 a 15 °C, con más del 10% pero no más del 35% de amoniaco",8,,
2673,2-AMINO-4-CLOROFENOL,6.1,,
2674,FLUOROSILICATO DE SODIO,6.1,,
2676,ESTIBINA,2.3,2.1,
2677,HIDRÓXIDO DE RUBIDIO EN SOLUCIÓN,8,,
2678,HIDRÓXIDO DE RUBIDIO,8,,
2679,HIDRÓXIDO DE LITIO EN SOLUCIÓN,8,,
2680,HIDRÓXIDO DE LITIO,8,,
2681,HIDRÓXIDO DE CESIO EN SOLUCIÓN,8,,
2682,HIDRÓXIDO DE CESIO,8,,
2683,RESINATO DE ALUMINIO,8,3\n6.1,
2684,3-DIETILAMINO- PROPILAMINA,3,8,
2685,"N,N-DIETILETILENDIAMINA",8,3,
2686,2-DIETILAMINOETANOL,8,3,
2687,NITRITO DE DICICLOHEXILAMONIO,4.1,,
2688,1-BROMO-3- CLOROPROPANO,6.1,,
2689,alfa-MONOCLORHIDRINA DEL GLICEROL,6.1,,
2690,"N, n-BUTIL IMIDAZOL",6.1,,
2691,PENTABROMURO DE FÓSFORO,8,,
2692,TRIBROMURO DE BORO,8,,
2693,"HIDROGENOSULFITOS EN SOLUCIÓN ACUOSA, N.E.P.",8,,Corrosivos.
2698,"ANHÍDRIDOS TETRAHIDROFTÁLICOS con más del 0,05% de anhídrido maleico",8,,
2699,ÁCIDO TRIFLUOROACÉTICO,8,,
2705,1-PENTOL,8,,
2707,DIMETILDIOXANOS,3,,
2709,BUTILBENCENOS,3,,
2710,DIPROPILCETONA,3,,
2713,ACRIDINA,6.1,,
2714,RESINATO DE CINC,4.1,,
2715,RESINATO DE ALUMINIO,4.1,,
2716,"1,4-BUTINODIOL",6.1,,
2717,ALCANFOR sintético,4.1,,
2719,BROMATO DE BARIO,5.1,6.1,
2720,NITRATO DE CROMO(III),5.1,,
2721,CLORATO DE COBRE,5.1,,
2722,NITRATO DE LITIO,5.1,,
2723,CLORATO DE MAGNESIO,5.1,,
2724,NITRATO DE MANGANESO,5.1,,
2725,NITRATO DE NÍQUEL,5.1,,
2726,NITRITO DE NÍQUEL,5.1,,
2727,NITRATO DE TALIO,6.1,5.1,
2728,NITRATO DE CIRCONIO,5.1,,
2729,HEXACLOROBENCENO,6.1,,
2730,NITROANISOLES LÍQUIDOS,6.1,,
2732,NITROBROMOBENCENOS LÍQUIDOS,6.1,,
2733,"AMINAS INFLAMABLES, CORROSIVAS, N.E.P. o POLIAMINAS INFLAMABLES, CORROSIVAS, N.E.P.",3,8,Líquidos inflamables.
2734,"AMINAS LÍQUIDAS, CORROSIVAS, INFLAMABLES, N.E.P. o POLIAMINAS LÍQUIDAS, CORROSIVAS, INFLAMABLES, N.E.P.",8,3,Corrosivos.
2735,"AMINAS LÍQUIDAS, CORROSIVAS, N.E.P. o POLIAMINAS LÍQUIDAS, CORROSIVAS, N.E.P.",8,,Corrosivos.
2738,N-BUTILANILINA,6.1,,
2739,ANHÍDRIDO BUTÍRICO,8,,
2740,CLOROFORMIATO DE n-PROPILO,6.1,3\n8,
2741,HIPOCLORITO DE BARIO con más del 22% de cloro activo,5.1,6.1,
2742,"CLOROFORMIATOS TÓXICOS, CORROSIVOS, INFLAMABLES, N.E.P.",6.1,3\n8,Tóxicos
2743,CLOROFORMIATO DE n-BUTILO,6.1,3\n8,
2744,CLOROFORMIATO DE CICLOBUTILO,6.1,3\n8,
2745,CLOROFORMIATO DE CLOROMETILO,6.1,8,
2746,CLOROFORMIATO DE FENILO,6.1,8,
2747,CLOROFORMIATO DE terc-BUTILCICLOHEXILO,6.1,,
2748,CLOROFORMIATO DE 2-ETILHEXILO,6.1,8,
2749,TETRAMETILSILANO,3,,
2750,"1,3-DICLORO-2-PROPANOL",6.1,,
2751,CLORURO DE DIETILTIOFOSFORILO,8,,
2752,"1,2-EPOXI-3- ETOXIPROPANO",3,,
2753,N-ETILBENCILTOLUIDINAS LÍQUIDAS,6.1,,
2754,N-ETILTOLUIDINAS,6.1,,
2757,"PLAGUICIDA A BASE DE CARBAMATO, SÓLIDO, TÓXICO",6.1,,Tóxicos
2758,"PLAGUICIDA A BASE DE CARBAMATO, LÍQUIDO, INFLAMABLE, TÓXICO, de punto de inflamación inferior a 23°C",3,6.1,Líquidos inflamables.
2759,"PLAGUICIDA ARSENICAL SÓLIDO, TÓXICO",6.1,,Tóxicos
2760,"PLAGUICIDA ARSENICAL LÍQUIDO, INFLAMABLE, TÓXICO, de punto de inflamación inferior a 23°C",3,6.1,Líquidos inflamables.
2761,"PLAGUICIDA ORGANOCLORADO, SÓLIDO, TÓXICO",6.1,,Tóxicos
2762,"PLAGUICIDA ORGANOCLORADO, LÍQUIDO, INFLAMABLE, TÓXICO, de punto de inflamación inferior a 23°C",3,6.1,Líquidos inflamables.
2763,"PLAGUICIDA A BASE DE TRIAZINA, SÓLIDO, TÓXICO",6.1,,Tóxicos
2764,"PLAGUICIDA A BASE DE TRIAZINA, LÍQUIDO, INFLAMABLE, TÓXICO, de punto de inflamación inferior a 23°C",3,6.1,Líquidos inflamables.
2771,"PLAGUICIDA A BASE DE TIOCARBAMATO, SÓLIDO, TÓXICO",6.1,,Tóxicos
2772,"PLAGUICIDA A BASE DE TIOCARBAMATO, LÍQUIDO, INFLAMABLE, TÓXICO, de punto de inflamación inferior a 23°C",3,6.1,Líquidos inflamables.
2775,"PLAGUICIDA A BASE DE COBRE, SÓLIDO, TÓXICO",6.1,,Tóxicos
2776,"PLAGUICIDA A BASE DE COBRE, LÍQUIDO, INFLAMABLE, TÓXICO, de punto de inflamación inferior a 23°C",3,6.1,Líquidos inflamables.
2777,"PLAGUICIDA A BASE DE MERCURIO, SÓLIDO, TÓXICO",6.1,,Tóxicos
2778,"PLAGUICIDA A BASE DE MERCURIO, LÍQUIDO, INFLAMABLE, TÓXICO, de punto de inflamación inferior a 23°C",3,6.1,Líquidos inflamables.
2779,"PLAGUICIDA A BASE DE NITROFENOLES SUSTITUIDOS, SÓLIDO, TÓXICO",6.1,,Tóxicos
2780,"PLAGUICIDA A BASE DE NITROFENOLES SUSTITUIDOS, LÍQUIDO, INFLAMABLE, TÓXICO, de punto de inflamación inferior a 23°C",3,6.1,Líquidos inflamables.
2781,"PLAGUICIDA A BASE DE BIPIRIDILO, SÓLIDO, TÓXICO",6.1,,Tóxicos
2782,"PLAGUICIDA A BASE DE BIPIRIDILO, LÍQUIDO, INFLAMABLE, TÓXICO, de punto de inflamación inferior a 23°C",3,6.1,Líquidos inflamables.
2783,"PLAGUICIDA A BASE DE ORGANOFÓSFORO, SÓLIDO, TÓXICO",6.1,,Tóxicos
2784,"PLAGUICIDA A BASE DE ORGANOFÓSFORO, LÍQUIDO, INFLAMABLE, TÓXICO, de punto de inflamación inferior a 23°C",3,6.1,Líquidos inflamables.
2785,4-TIAPENTANAL,6.1,,
2786,"PLAGUICIDA A BASE DE ORGANOESTAÑO, SÓLIDO, TÓXICO",6.1,,Tóxicos
2787,"PLAGUICIDA A BASE DE ORGANOESTAÑO, LÍQUIDO, INFLAMABLE, TÓXICO, de punto de inflamación inferior a 23°C",3,6.1,Líquidos inflamables.
2788,"ORGANOESTAÑO, COMPUESTO DE, LÍQUIDO, N.E.P.",6.1,,Tóxicos
2789,"ÁCIDO ACÉTICO GLACIAL o ÁCIDO ACÉTICO EN SOLUCIÓN con más del 80%, en masa, de ácido",8,3,
2790,"ÁCIDO ACÉTICO EN SOLUCIÓN con un mínimo del 50% pero no más del 80%, en masa, de ácido",8,,
2793,"VIRUTAS, TORNEADURAS o RASPADURAS DE METALES FERROSOS en una forma susceptible de calentamiento espontáneo",4.2,,
2794,ACUMULADORES ELÉCTRICOS DE ELECTROLITO LÍQUIDO ÁCIDO,8,,
2795,ACUMULADORES ELÉCTRICOS DE ELECTROLITO LÍQUIDO ALCALINO,8,,
2796,ÁCIDO SULFÚRICO con un máximo del 51% de ácido o ELECTROLITO ÁCIDO PARA BATERÍAS,8,,
2797,ELECTROLITO ALCALINO PARA ACUMULADORES,8,,
2798,DICLOROFENILFOSFANO,8,,
2799,TIODICLOROFENILFOSFINA,8,,
2800,ACUMULADORES ELÉCTRICOS NO DERRAMABLES DE ELECTROLITO LÍQUIDO,8,,
2801,"COLORANTE LÍQUIDO CORROSIVO, N.E.P. o MATERIA INTERMEDIA PARA COLORANTES, LÍQUIDA, CORROSIVA, N.E.P.",8,,
2802,CLORURO DE COBRE,8,,Corrosivos.
2803,GALIO,8,,
2805,"HIDRURO DE LITIO, FUNDIDO, SÓLIDO",4.3,,
2806,NITRURO DE LITIO,4.3,,
2807,MATERIAL MAGNETIZADO,9,,
2809,MERCURIO,8,6.1,
2810,"LÍQUIDO TÓXICO, ORGÁNICO, N.E.P.",6.1,,
2811,"SÓLIDO TÓXICO, ORGÁNICO, N.E.P.",6.1,,Tóxicos
2812,ALUMINATO DE SODIO SÓLIDO,8,,Tóxicos
2813,"SÓLIDO QUE REACCIONA CON EL AGUA, N.E.P.",4.3,,
2814,SUBSTANCIA INFECCIOSA PARA EL SER HUMANO,6.2,,Substancias que en contacto con el agua desprenden gases inflamables.
2815,N-AMINOETILPIPERAZINA,8,6.1,Agentes infecciosos.
2817,HIDROGENODIFLUORURO DE AMONIO EN SOLUCIÓN,8,6.1,
2818,POLISULFURO DE AMONIO EN SOLUCIÓN,8,6.1,
2819,FOSFATO ÁCIDO DE AMILO,8,,
2820,ÁCIDO BUTÍRICO,8,,
2821,FENOL EN SOLUCIÓN,6.1,,
2822,2-CLOROPIRIDINA,6.1,,
2823,ÁCIDO CROTÓNICO SÓLIDO,8,,
2826,CLOROTIOFORMIATO DE ETILO,8,3,
2829,ÁCIDO CAPROICO,8,,
2830,LITIOFERROSILICIO,4.3,,
2831,"1,1,1-TRICLOROETANO",6.1,,
2834,ÁCIDO FOSFOROSO,8,,
2835,HIDRURO DE ALUMINIO Y SODIO,4.3,,
2837,HIDRÓGENO SULFATOS EN SOLUCIÓN ACUOSA,8,,
2838,BUTIRATO DE VINILO ESTABILIZADO,3,,Corrosivos.
2839,ALDOL,6.1,,
2840,BUTIRALDOXIMA,3,,
2841,DI-n-AMILAMINA,3,6.1,
2842,NITROETANO,3,,
2844,CALCIOMANGANESO- SILICIO,4.3,,
2845,"LÍQUIDO PIROFÓRICO ORGÁNICO, N.E.P.",4.2,,
2846,"SÓLIDO PIROFÓRICO ORGÁNICO, N.E.P.",4.2,,Solidos inflamables de reacción espontanea.
2849,3-CLORO-1-PROPANOL,6.1,,Solidos inflamables de reacción espontanea.
2850,TETRÁMERO DEL PROPILENO,3,,
2851,TRIFLUORURO DE BORO DIHIDRATADO,8,,
2852,"SULFURO DE DIPICRILO HUMIDIFICADO con un mínimo del 10%, en masa, de agua",4.1,,
2853,FLUOROSILICATO DE MAGNESIO,6.1,,
2854,FLUOROSILICATO DE AMONIO,6.1,,
2855,FLUOROSILICATO DE CINC,6.1,,
2856,"FLUOROSILICATOS, N.E.P.",6.1,,
2857,MÁQUINAS REFRIGERADORAS que contienen gases no inflamables ni tóxicos o amoniaco en solución (ONU 2672),2.2,,Tóxicos
2858,"CIRCONIO SECO, en forma de alambre enrollado, de láminas metálicas acabadas o de tiras (de un grosor inferior a 254 micras pero no inferior a 18 micras)",4.1,,
2859,METAVANADATO DE AMONIO,6.1,,
2861,POLIVANADATO DE AMONIO,6.1,,
2862,PENTÓXIDO DE VANADIO no fundido,6.1,,
2863,VANADATO DE SODIO Y AMONIO,6.1,,
2864,METAVANADATO DE POTASIO,6.1,,
2865,SULFATO DE HIDROXILAMINA,8,,
2869,TRICLORURO DE TITANIO EN MEZCLA,8,,
2870,BOROHIDRURO DE ALUMINIO,4.2,4.3,
2870,BOROHIDRURO DE ALUMINIO EN DISPOSITIVOS,4.2,4.3,
2871,ANTIMONIO EN POLVO,6.1,,
2872,DIBROMOCLOROPROPANOS,6.1,,
2873,DIBUTILAMINOETANOL,6.1,,
2874,ALCOHOL FURFURÍLICO,6.1,,
2875,HEXACLOROFENO,6.1,,
2876,RESORCINOL,6.1,,
2878,"TITANIO, ESPONJA DE, EN GRÁNULOS o EN POLVO",4.1,,
2879,OXICLORURO DE SELENIO,8,6.1,
2880,"HIPOCLORITO DE CALCIO HIDRATADO o HIPOCLORITO DE CALCIO HIDRATADO EN MEZCLA, con un mínimo del 5,5% pero no más del 16% de agua",5.1,,
2881,CATALIZADOR DE METAL SECO,4.2,,
2900,SUBSTANCIA INFECCIOSA PARA LOS ANIMALES únicamente,6.2,,Solidos inflamables de reacción espontanea.
2901,CLORURO DE BROMO,2.3,5.1\n8,Agentes infecciosos.
2902,"PLAGUICIDA LÍQUIDO, TÓXICO, N.E.P.",6.1,,
2903,"PLAGUICIDA LÍQUIDO, TÓXICO, INFLAMABLE, N.E.P., de punto de inflamación no inferior a 23°C",6.1,3,Tóxicos
2904,CLOROFENOLATOS LÍQUIDOS o FENOLATOS LÍQUIDOS,8,,Tóxicos
2905,CLOROFENOLATOS SÓLIDOS o FENOLATOS SÓLIDOS,8,,
2907,"DINITRATO DE ISOSORBIDA EN MEZCLA con un mínimo del 60% de lactosa, manosa, almidón o fosfato ácido de calcio",4.1,,
2908,"MATERIALES RADIACTIVOS, BULTOS EXCEPTUADOS- EMBALAJES/ENVASES VACÍOS",7,,
2909,"MATERIALES RADIACTIVOS, BULTOS EXCEPTUADOS-ARTÍCULOS MANUFACTURADOS DE URANIO NATURAL o URANIO EMPOBRECIDO o TORIO NATURAL",7,,Radiactivos.
2910,"MATERIALES RADIACTIVOS, BULTOS EXCEPTUADOS- CANTIDADES LIMITADAS DE MATERIALES",7,,Radiactivos.
2911,"MATERIALES RADIACTIVOS, BULTOS EXCEPTUADOS- INSTRUMENTOS o ARTÍCULOS",7,,Radiactivos.
2912,"MATERIALES RADIACTIVOS, BAJA ACTIVIDAD ESPECÍFICA (BAE-I), no fisionables o fisionables exceptuados",7,,Radiactivos.
2913,"MATERIALES RADIACTIVOS, OBJETOS CONTAMINADOS EN LA SUPERFICIE (OCS-I u OCS- II), no fisionables o fisionables exceptuados",7,,Radiactivos.
2915,"MATERIALES RADIACTIVOS, BULTOS DEL TIPO A, no en forma especial, no fisionables o fisionables exceptuados",7,,Radiactivos.
2916,"MATERIALES RADIACTIVOS, BULTOS DEL TIPO B(U), no fisionables o fisionables exceptuados",7,,Radiactivos.
2917,"MATERIALES RADIACTIVOS, BULTOS DEL TIPO B(M), no fisionables o fisionables exceptuados",7,,Radiactivos.
2919,"MATERIALES RADIACTIVOS, TRANSPORTADOS EN VIRTUD DE ARREGLOS ESPECIALES, no fisionables o fisionables exceptuados",7,,Radiactivos.
2920,"LÍQUIDO CORROSIVO INFLAMABLE, N.E.P.",8,3,Radiactivos.
2921,"SÓLIDO CORROSIVO INFLAMABLE, N.E.P.",8,4.1,Corrosivos.
2922,"LÍQUIDO CORROSIVO, TÓXICO, N.E.P.",8,6.1,Corrosivos.
2923,"SÓLIDO CORROSIVO, TÓXICO, N.E.P.",8,6.1,Corrosivos.
2924,"LÍQUIDO INFLAMABLE, CORROSIVO, N.E.P.",3,8,Corrosivos.
2925,"SÓLIDO INFLAMABLE, CORROSIVO, ORGÁNICO, N.E.P.",4.1,8,Líquidos inflamables.
2926,"SÓLIDO INFLAMABLE, TÓXICO, ORGÁNICO, N.E.P.",4.1,6.1,Solidos que se inflaman con facilidad o pueden provocar o activar incendios por fricción.
2927,"LÍQUIDO TÓXICO, CORROSIVO, ORGÁNICO, N.E.P.",6.1,8,Solidos que se inflaman con facilidad o pueden provocar o activar incendios por fricción.
2928,"SÓLIDO TÓXICO, CORROSIVO, ORGÁNICO, N.E.P.",6.1,8,Tóxicos
2929,"LÍQUIDO TÓXICO, INFLAMABLE, ORGÁNICO, N.E.P.",6.1,3,Tóxicos
2930,"SÓLIDO TÓXICO, INFLAMABLE, ORGÁNICO, N.E.P.",6.1,4.1,Tóxicos
2931,SULFATO DE VANADILO,6.1,,Tóxicos
2933,2-CLOROPROPIONATO DE METILO,3,,
2934,2-CLOROPROPIONATO DE ISOPROPILO,3,,
2935,2-CLOROPROPIONATO DE ETILO,3,,
2936,ÁCIDO TIOLÁCTICO,6.1,,
2937,ALCOHOL alfa- METILBENCÍLICO LÍQUIDO,6.1,,
2940,9-FOSFABICICLONONANOS (FOSFANOS DE CICLOOCTADIENO),4.2,,
2941,FLUOROANILINAS,6.1,,
2942,2-TRIFLUOROMETIL- ANILINA,6.1,,
2943,TETRAHIDROFURFURIL- AMINA,3,,
2945,N-METILBUTILAMINA,3,8,
2946,2-AMINO-5- DIETILAMINOPENTANO,6.1,,
2947,CLOROACETATO DE ISOPROPILO,3,,
2948,3-TRIFLUOROMETIL- ANILINA,6.1,,
2949,HIDROGENOSULFURO DE SODIO HIDRATADO con un mínimo del 25% de agua de cristalización,8,,
2950,"GRÁNULOS DE MAGNESIO RECUBIERTOS, en partículas de un mínimo de 149 micras.",4.3,,
2956,"5-terc-BUTIL-2,4,6-TRINITRO- m-XILENO (ALMIZCLE XILENO)",4.1,,
2965,DIMETILETERATO DE TRIFLUORURO DE BORO,4.3,3\n8,
2966,TIOGLICOL,6.1,,
2967,ÁCIDO SULFÁMICO,8,,
2968,MANEB ESTABILIZADO o PREPARADOS DE MANEB ESTABILIZADOS contra el calentamiento espontáneo,4.3,,
2969,SEMILLAS DE RICINO o HARINA DE RICINO o TORTA DE RICINO o RICINO EN COPOS,9,,
2977,"MATERIALES RADIACTIVOS, HEXAFLUORURO DE URANIO, FISIONABLE",7,6.1\n8,
2978,"MATERIALES RADIACTIVOS, HEXAFLUORURO DE URANIO, no fisionable o fisionable exceptuado",7,6.1\n8,
2983,"ÓXIDO DE ETILENO Y ÓXIDO DE PROPILENO, MEZCLA DE, con un máximo del 30% de óxido de etileno",3,6.1,
2984,PERÓXIDO DE HIDRÓGENO EN SOLUCIÓN ACUOSA con un mínimo del 8% pero menos del 20% de peróxido de hidrógeno (estabilizada según sea necesario),5.1,,
2985,"CLOROSILANOS, INFLAMABLES, CORROSIVOS, N.E.P.",3,8,
2986,"CLOROSILANOS, CORROSIVOS, INFLAMABLES, N.E.P.",8,3,Líquidos inflamables.
2987,"CLOROSILANOS, CORROSIVOS, N.E.P.",8,,Corrosivos.
2988,"CLOROSILANOS QUE REACCIONAN CON EL AGUA, INFLAMABLES, CORROSIVOS, N.E.P.",4.3,3\n8,Corrosivos.
2989,FOSFITO DIBÁSICO DE PLOMO,4.1,,Substancias que en contacto con el agua desprenden gases inflamables.
2990,APARATOS DE SALVAMENTO AUTOINFLABLES,9,,
2991,"PLAGUICIDA A BASE DE CARBAMATO, LÍQUIDO, TÓXICO, INFLAMABLE, de punto de inflamación no inferior a 23 °C",6.1,3,
2992,"PLAGUICIDA A BASE DE CARBAMATO, LÍQUIDO, TÓXICO",6.1,,Tóxicos
2993,"PLAGUICIDA ARSENICAL, LÍQUIDO, TÓXICO, INFLAMABLE, de punto de inflamación no inferior a 23 °C",6.1,3,Tóxicos
2994,"PLAGUICIDA ARSENICAL, LÍQUIDO, TÓXICO",6.1,,Tóxicos
2995,"PLAGUICIDA ORGANOCLORADO, LÍQUIDO, TÓXICO, INFLAMABLE, de punto de inflamación no inferior a 23 °C",6.1,3,Tóxicos
2996,"PLAGUICIDA ORGANOCLORADO, LÍQUIDO, TÓXICO",6.1,,Tóxicos
2997,"PLAGUICIDA A BASE DE TRIAZINA, LÍQUIDO, TÓXICO, INFLAMABLE, de punto de inflamación no inferior a 23 °C",6.1,3,Tóxicos
2998,"PLAGUICIDA A BASE DE TRIAZINA, LÍQUIDO, TÓXICO",6.1,,Tóxicos
3005,"PLAGUICIDA A BASE DE TIOCARBAMATO, LÍQUIDO, TÓXICO, INFLAMABLE, de punto de inflamación no inferior a 23 °C",6.1,3,Tóxicos
3006,"PLAGUICIDA A BASE DE TIOCARBAMATO, LÍQUIDO, TÓXICO",6.1,,Tóxicos
3009,"PLAGUICIDA A BASE DE COBRE, LÍQUIDO, TÓXICO, INFLAMABLE, de punto de inflamación no inferior a 23 °C",6.1,3,Tóxicos
3010,"PLAGUICIDA A BASE DE COBRE, LÍQUIDO, TÓXICO",6.1,,Tóxicos
3011,"PLAGUICIDA A BASE DE MERCURIO, LÍQUIDO, TÓXICO, INFLAMABLE, de punto de inflamación no inferior a 23 °C",6.1,3,Tóxicos
3012,"PLAGUICIDA A BASE DE MERCURIO, LÍQUIDO, TÓXICO",6.1,,Tóxicos
3013,"PLAGUICIDA A BASE DE NITROFENOLES SUSTITUIDOS, LÍQUIDO, TÓXICO, INFLAMABLE, de punto de inflamación no inferior a 23 °C",6.1,3,Tóxicos
3014,"PLAGUICIDA A BASE DE NITROFENOLES SUSTITUIDOS, LÍQUIDO, TÓXICO",6.1,,Tóxicos
3015,"PLAGUICIDA A BASE DE BIPIRIDILO, LÍQUIDO, TÓXICO, INFLAMABLE, de punto de inflamación no inferior a 23 °C",6.1,3,Tóxicos
3016,"PLAGUICIDA A BASE DE BIPIRIDILO, LÍQUIDO, TÓXICO",6.1,,Tóxicos
3017,"PLAGUICIDA A BASE DE ORGANOFÓSFORO, LÍQUIDO, TÓXICO, INFLAMABLE, de punto de inflamación no inferior a 23 °C",6.1,3,Tóxicos
3018,"PLAGUICIDA A BASE DE ORGANOFÓSFORO, LÍQUIDO, TÓXICO",6.1,,Tóxicos
3019,"PLAGUICIDA A BASE DE ORGANOESTAÑO, LÍQUIDO, TÓXICO, INFLAMABLE, de punto de inflamación no inferior a 23 °C",6.1,3,Tóxicos
3020,"PLAGUICIDA A BASE DE ORGANOESTAÑO, LÍQUIDO, TÓXICO",6.1,,Tóxicos
3021,"PLAGUICIDA LÍQUIDO, INFLAMABLE, TÓXICO, N.E.P., de punto de inflamación inferior a 23°C",3,6.1,Tóxicos
3022,"ÓXIDO DE 1,2-BUTILENO ESTABILIZADO",3,,Líquidos inflamables.
3023,2-METIL-2-HEPTANOTIOL,6.1,3,
3024,"PLAGUICIDA A BASE DE DERIVADOS DE LA CUMARINA, LÍQUIDO, INFLAMABLE, TÓXICO, de punto de inflamación inferior a 23 °C",3,6.1,
3025,"PLAGUICIDA A BASE DE DERIVADOS DE LA CUMARINA, LÍQUIDO, TÓXICO, INFLAMABLE, de punto de inflamación no inferior a 23 °C",6.1,3,Líquidos inflamables.
3026,"PLAGUICIDA A BASE DE DERIVADOS DE LA CUMARINA, LÍQUIDO, TÓXICO",6.1,,Tóxicos
3027,"PLAGUICIDA A BASE DE DERIVADOS DE LA CUMARINA, SÓLIDO, TÓXICO",6.1,,Tóxicos
3028,ACUMULADORES ELÉCTRICOS SECOS QUE CONTIENEN HIDRÓXIDO DE POTASIO SÓLIDO,8,,Tóxicos
3048,PLAGUICIDA A BASE DE FOSFURO DE ALUMINIO,6.1,,
3054,CICLOHEXILMERCAPTANO,3,,
3055,2-(2-AMINOETOXI)ETANOL,8,,
3056,n-HEPTALDEHÍDO,3,,
3057,CLORURO DE TRIFLUOROACETILO,2.3,8,
3064,NITROGLICERINA EN SOLUCIÓN ALCOHÓLICA con más del 1% pero no más del 5% de nitroglicerina,3,,
3065,"BEBIDAS ALCOHÓLICAS, con más del 70% de alcohol en volumen",3,,
3065,"BEBIDAS ALCOHÓLICAS, con más del 24% pero no más del 70% de alcohol en volumen",3,,
3066,"PINTURAS (incluidas pinturas, lacas, esmaltes, colorantes, goma laca, barnices, bruñidores, encáusticos, apresto líquido y bases líquidas para lacas) o PRODUCTOS PARA PINTURA (incluidos disolventes y diluyentes para pinturas)",8,,
3070,"ÓXIDO DE ETILENO Y DICLORODIFLUOROMETANO, MEZCLA DE, con un máximo del 12,5% de óxido de etileno",2.2,,
3071,"MERCAPTANOS LÍQUIDOS, TÓXICOS, INFLAMABLES, N.E.P. o MEZCLA DE MERCAPTANOS LÍQUIDOS, TÓXICOS, INFLAMABLES, N.E.P.",6.1,3,
3072,APARATOS DE SALVAMENTO NO AUTOINFLABLES que contienen mercancías peligrosas como material accesorio,9,,Tóxicos
3073,VINILPIRIDINAS ESTABILIZADAS,6.1,3\n8,
3077,"SUBSTANCIA SÓLIDA PELIGROSA PARA EL MEDIO AMBIENTE, N.E.P.",9,,
3078,"CERIO, torneaduras o polvo abrasivo",4.3,,Substancias que durante el transporte presentan un riesgo distinto de los correspondientes a las clases 1 a 8.
3079,METACRILONITRILO ESTABILIZADO,6.1,3,
3080,"ISOCIANATOS TÓXICOS, INFLAMABLES, N.E.P. o ISOCIANATOS EN SOLUCIÓN, TÓXICOS, INFLAMABLES, N.E.P.",6.1,3,
3082,"SUBSTANCIA LÍQUIDA PELIGROSA PARA EL MEDIO AMBIENTE, N.E.P.",9,,Tóxicos
3083,FLUORURO DE PERCLORILO,2.3,5.1,Substancias que durante el transporte presentan un riesgo distinto de los correspondientes a las clases 1 a 8.
3084,"SÓLIDO CORROSIVO COMBURENTE, N.E.P.",8,5.1,
3085,"SÓLIDO COMBURENTE, CORROSIVO, N.E.P.",5.1,8,Corrosivos.
3086,"SÓLIDO TÓXICO, COMBURENTE, N.E.P.",6.1,5.1,Oxidantes.
3087,"SÓLIDO COMBURENTE, TÓXICO, N.E.P.",5.1,6.1,Tóxicos
3088,"SÓLIDO ORGÁNICO QUE EXPERIMENTA CALENTAMIENTO ESPONTÁNEO, N.E.P.",4.2,,Oxidantes.
3089,"POLVO METÁLICO INFLAMABLE, N.E.P.",4.1,,Solidos inflamables de reacción espontanea.
3090,BATERÍAS DE METAL LITIO (incluidas las baterías de aleación de litio),9,,Solidos que se inflaman con facilidad o pueden provocar o activar incendios por fricción.
3091,BATERÍAS DE METAL LITIO INSTALADAS EN UN EQUIPO O BATERÍAS DE METAL LITIO EMBALADAS CON UN EQUIPO (incluidas las baterías de aleación de litio),9,,
3092,1-METOXI-2-PROPANOL,3,,
3093,LÍQUIDO CORROSIVO COMBURENTE N.E.P.,8,5.1,
3094,"LÍQUIDO CORROSIVO QUE REACCIONA CON EL AGUA, N.E.P.",8,4.3,Corrosivos.
3095,"SÓLIDO CORROSIVO QUE EXPERIMENTA CALENTAMIENTO ESPONTÁNEO, N.E.P.",8,4.2,Corrosivos.
3096,"SÓLIDO CORROSIVO QUE REACCIONA CON EL AGUA, N.E.P.",8,4.3,Corrosivos.
3097,"SÓLIDO INFLAMABLE, COMBURENTE, N.E.P.",4.1,5.1,Corrosivos.
3098,"LÍQUIDO COMBURENTE, CORROSIVO, N.E.P.",5.1,8,Solidos que se inflaman con facilidad o pueden provocar o activar incendios por fricción.
3099,"LÍQUIDO COMBURENTE, TÓXICO, N.E.P.",5.1,6.1,Oxidantes.
3100,"SÓLIDO COMBURENTE QUE EXPERIMENTA CALENTAMIENTO ESPONTÁNEO, N.E.P.",5.1,4.2,Oxidantes.
3101,PERÓXIDO ORGÁNICO LÍQUIDO TIPO B,5.2,,Oxidantes.
3102,PERÓXIDO ORGÁNICO SÓLIDO TIPO B,5.2,,Peróxidos orgánicos.
3103,PERÓXIDO ORGÁNICO LÍQUIDO TIPO C,5.2,,Peróxidos orgánicos.
3104,PERÓXIDO ORGÁNICO SÓLIDO TIPO C,5.2,,Peróxidos orgánicos.
3105,PERÓXIDO ORGÁNICO LÍQUIDO TIPO D,5.2,,Peróxidos orgánicos.
3106,PERÓXIDO ORGÁNICO SÓLIDO TIPO D,5.2,,Peróxidos orgánicos.
3107,PERÓXIDO ORGÁNICO LÍQUIDO TIPO E,5.2,,Peróxidos orgánicos.
3108,PERÓXIDO ORGÁNICO SÓLIDO TIPO E,5.2,,Peróxidos orgánicos.
3109,PERÓXIDO ORGÁNICO LÍQUIDO TIPO F,5.2,,Peróxidos orgánicos.
3110,PERÓXIDO ORGÁNICO SÓLIDO TIPO F,5.2,,Peróxidos orgánicos.
3111,"PERÓXIDO ORGÁNICO LÍQUIDO TIPO B, CON TEMPERATURA REGULADA",5.2,,Peróxidos orgánicos.
3112,"PERÓXIDO ORGÁNICO SÓLIDO TIPO B, CON TEMPERATURA REGULADA",5.2,,Peróxidos orgánicos.
3113,"PERÓXIDO ORGÁNICO LÍQUIDO TIPO C, CON TEMPERATURA REGULADA",5.2,,Peróxidos orgánicos.
3114,"PERÓXIDO ORGÁNICO SÓLIDO TIPO C, CON TEMPERATURA REGULADA",5.2,,Peróxidos orgánicos.
3115,"PERÓXIDO ORGÁNICO LÍQUIDO TIPO D, CON TEMPERATURA REGULADA",5.2,,Peróxidos orgánicos.
3116,"PERÓXIDO ORGÁNICO SÓLIDO TIPO D, CON TEMPERATURA REGULADA",5.2,,Peróxidos orgánicos.
3117,"PERÓXIDO ORGÁNICO LÍQUIDO TIPO E, CON TEMPERATURA REGULADA",5.2,,Peróxidos orgánicos.
3118,"PERÓXIDO ORGÁNICO SÓLIDO TIPO E, CON TEMPERATURA REGULADA",5.2,,Peróxidos orgánicos.
3119,"PERÓXIDO ORGÁNICO LÍQUIDO TIPO F, CON TEMPERATURA REGULADA",5.2,,Peróxidos orgánicos.
3120,"PERÓXIDO ORGÁNICO SÓLIDO TIPO F, CON TEMPERATURA REGULADA",5.2,,Peróxidos orgánicos.
3121,"SÓLIDO COMBURENTE QUE REACCIONA CON EL AGUA, N.E.P.",5.1,4.3,Peróxidos orgánicos.
3122,"LÍQUIDO TÓXICO, COMBURENTE, N.E.P.",6.1,5.1,Oxidantes.
3123,"LÍQUIDO TÓXICO QUE REACCIONA CON EL AGUA, N.E.P.",6.1,4.3,Tóxicos
3124,"SÓLIDO TÓXICO QUE EXPERIMENTA CALENTAMIENTO ESPONTÁNEO, N.E.P.",6.1,4.2,Tóxicos
3125,"SÓLIDO TÓXICO QUE REACCIONA CON EL AGUA, N.E.P.",6.1,4.3,Tóxicos
3126,"SÓLIDO QUE EXPERIMENTA CALENTAMIENTO ESPONTÁNEO, CORROSIVO, ORGÁNICO, N.E.P.",4.2,8,Tóxicos
3127,"SÓLIDO QUE EXPERIMENTA CALENTAMIENTO ESPONTÁNEO, COMBURENTE, N.E.P.",4.2,5.1,Solidos inflamables de reacción espontanea.
3128,"SÓLIDO QUE EXPERIMENTA CALENTAMIENTO ESPONTÁNEO, TÓXICO, ORGÁNICO, N.E.P.",4.2,6.1,Solidos inflamables de reacción espontanea.
3129,"LÍQUIDO QUE REACCIONA CON EL AGUA, CORROSIVO, N.E.P.",4.3,8,Solidos inflamables de reacción espontanea.
3130,"LÍQUIDO QUE REACCIONA CON EL AGUA, TÓXICO, N.E.P.",4.3,6.1,Substancias que en contacto con el agua desprenden gases inflamables.
3131,"SÓLIDO QUE REACCIONA CON EL AGUA, CORROSIVO, N.E.P.",4.3,8,Substancias que en contacto con el agua desprenden gases inflamables.
3132,"SÓLIDO QUE REACCIONA CON EL AGUA, INFLAMABLE, N.E.P.",4.3,4.1,Substancias que en contacto con el agua desprenden gases inflamables.
3133,"SÓLIDO QUE REACCIONA CON EL AGUA, COMBURENTE, N.E.P.",4.3,5.1,Substancias que en contacto con el agua desprenden gases inflamables.
3134,"SÓLIDO QUE REACCIONA CON EL AGUA, TÓXICO, N.E.P.",4.3,6.1,Substancias que en contacto con el agua desprenden gases inflamables.
3135,"SÓLIDO QUE REACCIONA CON EL AGUA Y QUE EXPERIMENTA CALENTAMIENTO ESPONTÁNEO, N.E.P.",4.3,4.2,Substancias que en contacto con el agua desprenden gases inflamables.
3136,TRIFLUOROMETANO LÍQUIDO REFRIGERADO,2.2,,Substancias que en contacto con el agua desprenden gases inflamables.
3137,"SÓLIDO COMBURENTE, INFLAMABLE, N.E.P.",5.1,4.1,
3138,"ETILENO, ACETILENO Y PROPILENO, MEZCLA LÍQUIDA REFRIGERADA DE, que contiene un mínimo del 71,5% de etileno, con un máximo del 22,5% de acetileno y un máximo del 6% de propileno",2.1,,Oxidantes.
3139,"LÍQUIDO COMBURENTE, N.E.P.",5.1,,
3140,"ALCALOIDES LÍQUIDOS, N.E.P. o SALES DE ALCALOIDES LÍQUIDAS, N.E.P.",6.1,,Oxidantes.
3141,"ANTIMONIO, COMPUESTO INORGÁNICO LÍQUIDO DE, N.E.P.",6.1,,Tóxicos
3142,"DESINFECTANTE LÍQUIDO, TÓXICO, N.E.P.",6.1,,Tóxicos
3143,"COLORANTE SÓLIDO, TÓXICO, N.E.P. o MATERIA INTERMEDIA PARA COLORANTES, SÓLIDA, TÓXICA, N.E.P.",6.1,,Tóxicos
3144,"NICOTINA, COMPUESTO LÍQUIDO DE, N.E.P., o PREPARADO LÍQUIDO A BASE DE NICOTINA, N.E.P.",6.1,,Tóxicos
3145,"ALQUILFENOLES LÍQUIDOS, N.E.P. (incluidos los homólogos C2 a C12)",8,,Tóxicos
3146,"ORGANOESTAÑO, COMPUESTO DE, SÓLIDO, N.E.P.",6.1,,Corrosivos.
3147,"COLORANTE SÓLIDO, CORROSIVO, N.E.P. o MATERIA INTERMEDIA PARA COLORANTES, SÓLIDA, CORROSIVA, N.E.P.",8,,Tóxicos
3148,"LÍQUIDO QUE REACCIONA CON EL AGUA, N.E.P.",4.3,,Corrosivos.
3149,"PERÓXIDO DE HIDRÓGENO Y ÁCIDO PEROXIACÉTICO, EN MEZCLA, con ácido(s), agua y un máximo del 5% de ácido peroxiacético, ESTABILIZADA",5.1,8,Substancias que en contacto con el agua desprenden gases inflamables.
3150,"DISPOSITIVOS PEQUEÑOS ACCIONADOS POR HIDROCARBUROS GASEOSOS o RECARGAS DE HIDROCARBUROS GASEOSOS PARA DISPOSITIVOS PEQUEÑOS, con dispositivo de descarga",2.1,,
3151,BIFENILOS POLIHALOGENADOS LÍQUIDOS o MONOMETILBIFENILMETAN OS HALOGENADOS LÍQUIDOS o TERFENILOS POLIHALOGENADOS LÍQUIDOS,9,,
3152,BIFENILOS POLIHALOGENADOS SÓLIDOS o MONOMETILBIFENILMETAN OS HALOGENADOS SÓLIDOS o TERFENILOS POLIHALOGENADOS SÓLIDOS,9,,
3153,PERFLUORO (METIL VINIL ETER),2.1,,
3154,PERFLUORO (ETIL VINIL ETER),2.1,,
3155,PENTACLOROFENOL,6.1,,
3156,"GAS COMPRIMIDO, COMBURENTE, N.E.P.",2.2,5.1,
3157,"GAS LICUADO, COMBURENTE, N.E.P.",2.2,5.1,"Gases no inflamables, no tóxicos."
3158,"GAS LICUADO, REFRIGERADO, N.E.P.",2.2,,"Gases no inflamables, no tóxicos."
3159,"1,1,1,2- TETRAFLUOROETANO (GAS REFRIGERANTE R 134a)",2.2,,"Gases no inflamables, no tóxicos."
3160,"GAS LICUADO TÓXICO, INFLAMABLE, N.E.P.",2.3,2.1,
3161,"GAS LICUADO INFLAMABLE, N.E.P.",2.1,,Gases tóxicos.
3162,GAS LICUADO TÓXICO N.E.P.,2.3,,Gases inflamables.
3163,"GAS LICUADO, N.E.P.",2.2,,Gases tóxicos.
3164,"OBJETOS CON PRESIÓN INTERIOR, NEUMÁTICOS o HIDRÁULICOS (que contienen gas no inflamable)",2.2,,"Gases no inflamables, no tóxicos."
3165,DEPÓSITO DE COMBUSTIBLE DE GRUPO MOTOR DE CIRCUITO HIDRÁULICO DE AERONAVE (que contiene una mezcla de hidrazina anhidra y metilhidrazina) (combustible M86),3,6.1\n8,
3166,VEHÍCULO PROPULSADO POR GAS INFLAMABLE o VEHÍCULO PROPULSADO POR LÍQUIDO INFLAMABLE o VEHÍCULO PROPULSADO POR PILA DE COMBUSTIBLE CONTENIENDO GAS INFLAMABLE o VEHÍCULO PROPULSADO POR PILA DE COMBUSTIBLE CONTENIENDO LÍQUIDO INFLAMABLE,9,,
3167,"MUESTRA DE GAS INFLAMABLE, NO COMPRIMIDO, N.E.P., que no sea líquido refrigerado",2.1,,
3168,"MUESTRA DE GAS TÓXICO, INFLAMABLE, NO COMPRIMIDO, N.E.P., que no sea líquido refrigerado",2.3,2.1,Gases inflamables.
3169,"MUESTRA DE GAS TÓXICO, NO COMPRIMIDO, N.E.P., que no sea líquido refrigerado",2.3,,Gases tóxicos.
3170,SUBPRODUCTOS DE LA FUNDICIÓN DEL ALUMINIO o SUBPRODUCTOS DE LA REFUNDICIÓN DEL ALUMINIO,4.3,,Gases tóxicos.
3171,VEHÍCULO ACCIONADO POR BATERÍA o APARATO ACCIONADO POR BATERÍA,9,,
3172,"TOXINAS EXTRAÍDAS DE UN MEDIO VIVO, LÍQUIDAS, N.E.P.",6.1,,
3174,DISULFURO DE TITANIO,4.2,,Tóxicos
3175,"SÓLIDO QUE CONTIENE LÍQUIDO INFLAMABLE, N.E.P.",4.1,,
3176,"SÓLIDO INFLAMABLE ORGÁNICO, FUNDIDO, N.E.P.",4.1,,Solidos que se inflaman con facilidad o pueden provocar o activar incendios por fricción.
3178,"SÓLIDO INFLAMABLE INORGÁNICO, N.E.P.",4.1,,Solidos que se inflaman con facilidad o pueden provocar o activar incendios por fricción.
3179,"SÓLIDO INFLAMABLE, TÓXICO, INORGÁNICO, N.E.P.",4.1,6.1,Solidos que se inflaman con facilidad o pueden provocar o activar incendios por fricción.
3180,"SÓLIDO INFLAMABLE, CORROSIVO, INORGÁNICO, N.E.P.",4.1,8,Solidos que se inflaman con facilidad o pueden provocar o activar incendios por fricción.
3181,"SALES METÁLICAS DE COMPUESTOS ORGÁNICOS, INFLAMABLES, N.E.P.",4.1,,Solidos que se inflaman con facilidad o pueden provocar o activar incendios por fricción.
3182,"HIDRUROS METÁLICOS INFLAMABLES, N.E.P.",4.1,,Solidos que se inflaman con facilidad o pueden provocar o activar incendios por fricción.
3183,"LÍQUIDO ORGÁNICO QUE EXPERIMENTA CALENTAMIENTO ESPONTÁNEO, N.E.P.",4.2,,Solidos que se inflaman con facilidad o pueden provocar o activar incendios por fricción.
3184,"LÍQUIDO QUE EXPERIMENTA CALENTAMIENTO ESPONTÁNEO, TÓXICO, ORGÁNICO, N.E.P.",4.2,6.1,Solidos inflamables de reacción espontanea.
3185,"LÍQUIDO QUE EXPERIMENTA CALENTAMIENTO ESPONTÁNEO, CORROSIVO, ORGÁNICO, N.E.P.",4.2,8,Solidos inflamables de reacción espontanea.
3186,"LÍQUIDO QUE EXPERIMENTA CALENTAMIENTO ESPONTÁNEO, INORGÁNICO, N.E.P.",4.2,,Solidos inflamables de reacción espontanea.
3187,"LÍQUIDO QUE EXPERIMENTA CALENTAMIENTO ESPONTÁNEO, TÓXICO, INORGÁNICO, N.E.P.",4.2,6.1,Solidos inflamables de reacción espontanea.
3188,"LÍQUIDO QUE EXPERIMENTA CALENTAMIENTO ESPONTÁNEO, CORROSIVO, INORGÁNICO, N.E.P.",4.2,8,Solidos inflamables de reacción espontanea.
3189,"POLVO METÁLICO QUE EXPERIMENTA CALENTAMIENTO ESPONTÁNEO, N.E.P.",4.2,,Solidos inflamables de reacción espontanea.
3190,"SÓLIDO QUE EXPERIMENTA CALENTAMIENTO ESPONTÁNEO, INORGÁNICO, N.E.P.",4.2,,Solidos inflamables de reacción espontanea.
3191,"SÓLIDO QUE EXPERIMENTA CALENTAMIENTO ESPONTÁNEO, TÓXICO, INORGÁNICO, N.E.P.",4.2,6.1,Solidos inflamables de reacción espontanea.
3192,"SÓLIDO QUE EXPERIMENTA CALENTAMIENTO ESPONTÁNEO, CORROSIVO, INORGÁNICO, N.E.P.",4.2,8,Solidos inflamables de reacción espontanea.
3194,LÍQUIDO PIROFÓRICO INORGÁNICO N.E.P.,4.2,,Solidos inflamables de reacción espontanea.
3200,"SÓLIDO PIROFÓRICO INORGÁNICO, N.E.P.",4.2,,Solidos inflamables de reacción espontanea.
3205,"ALCOHOLATOS DE METALES ALCALINOTÉRREOS, N.E.P.",4.2,,Solidos inflamables de reacción espontanea.
3206,"ALCOHOLATOS DE METALES ALCALINOS QUE EXPERIMENTAN CALENTAMIENTO ESPONTÁNEO, CORROSIVOS, N.E.P.",4.2,8,Solidos inflamables de reacción espontanea.
3208,"SUBSTANCIA METÁLICA QUE REACCIONA CON EL AGUA, N.E.P.",4.3,,Solidos inflamables de reacción espontanea.
3209,"SUBSTANCIA METÁLICA QUE REACCIONA CON EL AGUA Y QUE EXPERIMENTA CALENTAMIENTO ESPONTÁNEO, N.E.P.",4.3,4.2,Substancias que en contacto con el agua desprenden gases inflamables.
3210,"CLORATOS INORGÁNICOS EN SOLUCIÓN ACUOSA, N.E.P.",5.1,,Substancias que en contacto con el agua desprenden gases inflamables.
3211,"PERCLORATOS INORGÁNICOS EN SOLUCIÓN ACUOSA, N.E.P.",5.1,,Oxidantes.
3212,"HIPOCLORITOS INORGÁNICOS, N.E.P.",5.1,,Oxidantes.
3213,"BROMATOS INORGÁNICOS EN SOLUCIÓN ACUOSA, N.E.P.",5.1,,Oxidantes.
3214,"PERMANGANATOS INORGÁNICOS EN SOLUCIÓN ACUOSA, N.E.P.",5.1,,Oxidantes.
3215,"PERSULFATOS INORGÁNICOS, N.E.P.",5.1,,Oxidantes.
3216,"PERSULFATOS INORGÁNICOS EN SOLUCIÓN ACUOSA, N.E.P.",5.1,,Oxidantes.
3218,"NITRATOS INORGÁNICOS EN SOLUCIÓN ACUOSA, N.E.P.",5.1,,Oxidantes.
3219,"NITRITOS INORGÁNICOS EN SOLUCIÓN ACUOSA, N.E.P.",5.1,,Oxidantes.
3220,PENTAFLUOROETANO (GAS REFRIGERANTE R125),2.2,,Oxidantes.
3221,"LÍQUIDO DE REACCIÓN ESPONTÁNEA, TIPO B",4.1,,
3222,"SÓLIDO DE REACCIÓN ESPONTÁNEA, TIPO B",4.1,,Solidos que se inflaman con facilidad o pueden provocar o activar incendios por fricción.
3223,"LÍQUIDO DE REACCIÓN ESPONTÁNEA, TIPO C",4.1,,Solidos que se inflaman con facilidad o pueden provocar o activar incendios por fricción.
3224,"SÓLIDO DE REACCIÓN ESPONTÁNEA, TIPO C",4.1,,Solidos que se inflaman con facilidad o pueden provocar o activar incendios por fricción.
3225,"LÍQUIDO DE REACCIÓN ESPONTÁNEA, TIPO D",4.1,,Solidos que se inflaman con facilidad o pueden provocar o activar incendios por fricción.
3226,"SÓLIDO DE REACCIÓN ESPONTÁNEA, TIPO D",4.1,,Solidos que se inflaman con facilidad o pueden provocar o activar incendios por fricción.
3227,"LÍQUIDO DE REACCIÓN ESPONTÁNEA, TIPO E",4.1,,Solidos que se inflaman con facilidad o pueden provocar o activar incendios por fricción.
3228,"SÓLIDO DE REACCIÓN ESPONTÁNEA, TIPO E",4.1,,Solidos que se inflaman con facilidad o pueden provocar o activar incendios por fricción.
3229,"LÍQUIDO DE REACCIÓN ESPONTÁNEA, TIPO F",4.1,,Solidos que se inflaman con facilidad o pueden provocar o activar incendios por fricción.
3230,"SÓLIDO DE REACCIÓN ESPONTÁNEA, TIPO F",4.1,,Solidos que se inflaman con facilidad o pueden provocar o activar incendios por fricción.
3231,"LÍQUIDO DE REACCIÓN ESPONTÁNEA, TIPO B, CON TEMPERATURA REGULADA",4.1,,Solidos que se inflaman con facilidad o pueden provocar o activar incendios por fricción.
3232,"SÓLIDO DE REACCIÓN ESPONTÁNEA, TIPO B, CON TEMPERATURA REGULADA",4.1,,Solidos que se inflaman con facilidad o pueden provocar o activar incendios por fricción.
3233,"LÍQUIDO DE REACCIÓN ESPONTÁNEA, TIPO C, CON TEMPERATURA REGULADA",4.1,,Solidos que se inflaman con facilidad o pueden provocar o activar incendios por fricción.
3234,"SÓLIDO DE REACCIÓN ESPONTÁNEA, TIPO C, CON TEMPERATURA REGULADA",4.1,,Solidos que se inflaman con facilidad o pueden provocar o activar incendios por fricción.
3235,"LÍQUIDO DE REACCIÓN ESPONTÁNEA, TIPO D, CON TEMPERATURA REGULADA",4.1,,Solidos que se inflaman con facilidad o pueden provocar o activar incendios por fricción.
3236,"SÓLIDO DE REACCIÓN ESPONTÁNEA, TIPO D, CON TEMPERATURA REGULADA",4.1,,Solidos que se inflaman con facilidad o pueden provocar o activar incendios por fricción.
3237,"LÍQUIDO DE REACCIÓN ESPONTÁNEA, TIPO E, CON TEMPERATURA REGULADA",4.1,,Solidos que se inflaman con facilidad o pueden provocar o activar incendios por fricción.
3238,"SÓLIDO DE REACCIÓN ESPONTÁNEA, TIPO E, CON TEMPERATURA REGULADA",4.1,,Solidos que se inflaman con facilidad o pueden provocar o activar incendios por fricción.
3239,"LÍQUIDO DE REACCIÓN ESPONTÁNEA, TIPO F, CON TEMPERATURA REGULADA",4.1,,Solidos que se inflaman con facilidad o pueden provocar o activar incendios por fricción.
3240,"SÓLIDO DE REACCIÓN ESPONTÁNEA, TIPO F, CON TEMPERATURA REGULADA",4.1,,Solidos que se inflaman con facilidad o pueden provocar o activar incendios por fricción.
3241,"2-BROMO-2- NITROPROPANO-1,3-DIOL",4.1,,Solidos que se inflaman con facilidad o pueden provocar o activar incendios por fricción.
3242,AZODICARBONAMIDA,4.1,,
3243,"SÓLIDOS QUE CONTIENEN LÍQUIDO TÓXICO, N.E.P.",6.1,,
3244,"SÓLIDOS QUE CONTIENEN LÍQUIDO CORROSIVO, N.E.P.",8,,Tóxicos
3245,MICROORGANISMOS MODIFICADOS GENÉTICAMENTE u ORGANISMOS MODIFICADOS GENÉTICAMENTE,9,,Corrosivos.
3246,CLORURO DE METANOSULFONILO,6.1,8,Substancias que durante el transporte presentan un riesgo distinto de los correspondientes a las clases 1 a 8.
3247,PEROXOBORATO DE SODIO ANHIDRO,5.1,,
3248,"MEDICAMENTO LÍQUIDO, INFLAMABLE, TÓXICO, N.E.P.",3,6.1,
3249,"MEDICAMENTO SÓLIDO, TÓXICO, N.E.P.",6.1,,Líquidos inflamables.
3250,ÁCIDO CLOROACÉTICO FUNDIDO,6.1,8,Tóxicos
3251,MONONITRATO-5-DE ISOSORBIDA,4.1,,
3252,DIFLUOROMETANO (GAS REFRIGERANTE R32),2.1,,
3253,TRIOXOSILICATO DE DISODIO,8,,
3254,TRIBUTILFOSFANO,4.2,,
3255,HIPOCLORITO DE terc- BUTILO,4.2,8,
3256,"LÍQUIDO A TEMPERATURA ELEVADA, INFLAMABLE, N.E.P., de punto de inflamación superior a 60 °C, a una temperatura igual o superior al punto de inflamación",3,,
3257,"LÍQUIDO A TEMPERATURA ELEVADA, N.E.P., a una temperatura igual o superior a 100°C e inferior a su punto de inflamación (incluidos los metales fundidos, las sales fundidas, etc.)",9,,Líquidos inflamables.
3258,"SÓLIDO A TEMPERATURA ELEVADA, N.E.P., a una temperatura igual o superior a 240 °C",9,,Substancias que durante el transporte presentan un riesgo distinto de los correspondientes a las clases 1 a 8.
3259,"AMINAS SÓLIDAS, CORROSIVAS, N.E.P., o POLIAMINAS SÓLIDAS, CORROSIVAS, N.E.P.",8,,Substancias que durante el transporte presentan un riesgo distinto de los correspondientes a las clases 1 a 8.
3260,"SÓLIDO CORROSIVO, ÁCIDO, INORGÁNICO, N.E.P.",8,,Corrosivos.
3261,"SÓLIDO CORROSIVO, ÁCIDO, ORGÁNICO, N.E.P.",8,,Corrosivos.
3262,"SÓLIDO CORROSIVO, BÁSICO, INORGÁNICO, N.E.P.",8,,Corrosivos.
3263,"SÓLIDO CORROSIVO, BÁSICO, ORGÁNICO, N.E.P.",8,,Corrosivos.
3264,"LÍQUIDO CORROSIVO, ÁCIDO, INORGÁNICO, N.E.P.",8,,Corrosivos.
3265,"LÍQUIDO CORROSIVO, ÁCIDO, ORGÁNICO, N.E.P.",8,,Corrosivos.
3266,"LÍQUIDO CORROSIVO, BÁSICO, INORGÁNICO, N.E.P.",8,,Corrosivos.
3267,"LÍQUIDO CORROSIVO, BÁSICO, ORGÁNICO, N.E.P.",8,,Corrosivos.
3268,DISPOSITIVOS DE SEGURIDAD de iniciación eléctrica,9,,Corrosivos.
3269,"BOLSA DE RESINA POLIESTÉRICA, material básico líquido",3,,
3270,"FILTROS DE MEMBRANAS NITROCELULÓSICAS, con un máximo del 12,6% de nitrógeno, por masa seca",4.1,,
3271,"ÉTERES, N.E.P.",3,,
3272,"ÉSTERES, N.E.P.",3,,
3273,"NITRILOS INFLAMABLES, TÓXICOS, N.E.P.",3,6.1,Líquidos inflamables.
3274,"ALCOHOLATOS EN SOLUCIÓN, N.E.P. en alcohol",3,8,Líquidos inflamables.
3275,"NITRILOS TÓXICOS, INFLAMABLES, N.E.P.",6.1,3,Líquidos inflamables.
3276,"NITRILOS LÍQUIDOS TÓXICOS, N.E.P.",6.1,,Tóxicos
3277,"CLOROFORMIATOS TÓXICOS, CORROSIVOS, N.E.P.",6.1,8,Tóxicos
3278,"COMPUESTO ORGANOFOSFORADO LÍQUIDO TÓXICO, N.E.P.",6.1,,Tóxicos
3279,"COMPUESTO ORGANOFOSFORADO TÓXICO, INFLAMABLE, N.E.P.",6.1,3,Tóxicos
3280,"COMPUESTO ORGANOARSENICAL, LÍQUIDO, N.E.P.",6.1,,Tóxicos
3281,"CARBONILOS METÁLICOS LÍQUIDOS, N.E.P.",6.1,,Tóxicos
3282,"COMPUESTO ORGANOMETÁLICO LÍQUIDO TÓXICO, N.E.P.",6.1,,Tóxicos
3283,"SELENIO, COMPUESTO DE, SÓLIDO, N.E.P.",6.1,,Tóxicos
3284,"TELURIO, COMPUESTO DE, N.E.P.",6.1,,Tóxicos
3285,"VANADIO, COMPUESTO DE, N.E.P.",6.1,,Tóxicos
3286,"LÍQUIDO INFLAMABLE, TÓXICO, CORROSIVO, N.E.P.",3,6.1\n8,Tóxicos
3287,"LÍQUIDO TÓXICO, INORGÁNICO, N.E.P.",6.1,,Líquidos inflamables.
3288,"SÓLIDO TÓXICO, INORGÁNICO, N.E.P.",6.1,,Tóxicos
3289,"LÍQUIDO TÓXICO, CORROSIVO, INORGÁNICO, N.E.P.",6.1,8,Tóxicos
3290,"SÓLIDO TÓXICO, CORROSIVO, INORGÁNICO, N.E.P.",6.1,8,Tóxicos
3291,"DESECHOS CLÍNICOS, N.E.P. o DESECHOS (BIO)MÉDICOS, N.E.P. o DESECHOS MÉDICOS REGULADOS, N.E.P.",6.2,,Tóxicos
3292,BATERÍAS QUE CONTIENEN SODIO o ELEMENTOS DE BATERÍA QUE CONTIENEN SODIO,4.3,,Agentes infecciosos.
3293,"HIDRAZINA EN SOLUCIÓN ACUOSA con un máximo del 37%, en masa, de hidrazina",6.1,,
3294,"CIANURO DE HIDRÓGENO EN SOLUCIÓN ALCOHÓLICA, con un máximo del 45% de cianuro de hidrógeno",6.1,3,
3295,"HIDROCARBUROS LÍQUIDOS, N.E.P.",3,,
3296,HEPTAFLUOROPROPANO (GAS REFRIGERANTE R 227),2.2,,Líquidos inflamables.
3297,"ÓXIDO DE ETILENO Y CLOROTETRAFLUOROETANO, MEZCLA DE, con un máximo del 8,8% de óxido de etileno",2.2,,
3298,"ÓXIDO DE ETILENO Y PENTAFLUOROETANO, MEZCLA DE, con un máximo del 7,9% de óxido de etileno",2.2,,
3299,"ÓXIDO DE ETILENO Y TETRAFLUOROETANO, MEZCLA DE, con un máximo del 5,6% de óxido de etileno",2.2,,
3300,"ÓXIDO DE ETILENO Y DIÓXIDO DE CARBONO, MEZCLA DE, con más del 87% de óxido de etileno",2.3,2.1,
3301,"LÍQUIDO CORROSIVO QUE EXPERIMENTA CALENTAMIENTO ESPONTÁNEO, N.E.P.",8,4.2,
3302,ACRILATO DE 2- DIMETILAMINOETILO ESTABILIZADO,6.1,,Corrosivos.
3303,"GAS COMPRIMIDO, TÓXICO, COMBURENTE, N.E.P.",2.3,5.1,
3304,"GAS COMPRIMIDO, TÓXICO, CORROSIVO, N.E.P.",2.3,8,Gases tóxicos.
3305,"GAS COMPRIMIDO, TÓXICO, INFLAMABLE, CORROSIVO, N.E.P.",2.3,2.1\n8,Gases tóxicos.
3306,"GAS COMPRIMIDO, TÓXICO, COMBURENTE, CORROSIVO, N.E.P.",2.3,5.1\n8,Gases tóxicos.
3307,"GAS LICUADO, TÓXICO, COMBURENTE, N.E.P.",2.3,5.1,Gases tóxicos.
3308,"GAS LICUADO, TÓXICO, CORROSIVO, N.E.P.",2.3,8,Gases tóxicos.
3309,"GAS LICUADO, TÓXICO, INFLAMABLE, CORROSIVO, N.E.P",2.3,2.1\n8,Gases tóxicos.
3310,"GAS LICUADO, TÓXICO, COMBURENTE, CORROSIVO, N.E.P.",2.3,5.1\n8,Gases tóxicos.
3311,"GAS, LÍQUIDO REFRIGERADO, COMBURENTE, N.E.P.",2.2,5.1,Gases tóxicos.
3312,"GAS, LÍQUIDO REFRIGERADO, INFLAMABLE, N.E.P.",2.1,,"Gases no inflamables, no tóxicos."
3313,PIGMENTOS ORGÁNICOS QUE EXPERIMENTAN UN CALENTAMIENTO ESPONTÁNEO,4.2,,Gases inflamables.
3314,"COMPUESTO PARA EL MOLDEADO DE PLÁSTICOS en forma de pasta, hoja o cordón extrusionado que desprende vapores inflamables",9,,Solidos inflamables de reacción espontanea.
3315,MUESTRA QUÍMICA TÓXICA,6.1,,
3317,"2-AMINO-4,6-DINITROFENOL, HUMIDIFICADO con una proporción de agua, en masa, con un mínimo del 20%",4.1,,Tóxicos
3318,"SOLUCIÓN ACUOSA DE AMONIACO, con una densidad relativa menor de 0,880 a 15°C, con más del 50% de amoniaco",2.3,8,
3319,"NITROGLICERINA EN MEZCLA, DESENSIBILIZADA, SÓLIDA, N.E.P. con más del 2% pero no más del 10%, en masa, de nitroglicerina",4.1,,
3320,"BOROHIDRURO DE SODIO Y SOLUCIÓN DE HIDRÓXIDO DE SODIO con un máximo del 12% de borohidruro de sodio y un máximo del 40%, en masa, de hidróxido de sodio",8,,
3321,"MATERIALES RADIACTIVOS, BAJA ACTIVIDAD ESPECÍFICA (BAE-II), no fisionables o fisionables exceptuados",7,,Solidos que se inflaman con facilidad o pueden provocar o activar incendios por fricción.
3322,"MATERIALES RADIACTIVOS, BAJA ACTIVIDAD ESPECÍFICA (BAE-III), no fisionables o fisionables exceptuados",7,,
3323,"MATERIALES RADIACTIVOS, BULTOS DEL TIPO C, no fisionables o fisionables exceptuados",7,,Radiactivos.
3324,"MATERIALES RADIACTIVOS, BAJA ACTIVIDAD ESPECÍFICA (BAE-II), FISIONABLES",7,,Radiactivos.
3325,"MATERIALES RADIACTIVOS, BAJA ACTIVIDAD ESPECÍFICA (BAE-III), FISIONABLES",7,,Radiactivos.
3326,"MATERIALES RADIACTIVOS, OBJETOS CONTAMINADOS EN LA SUPERFICIE (OCS-I u OCS- II), FISIONABLES",7,,Radiactivos.
3327,"MATERIALES RADIACTIVOS, BULTOS DEL TIPO A, FISIONABLES, no en forma especial",7,,Radiactivos.
3328,"MATERIALES RADIACTIVOS, BULTOS DEL TIPO B(U), FISIONABLES",7,,Radiactivos.
3329,"MATERIALES RADIACTIVOS, BULTOS DEL TIPO B(M), FISIONABLES",7,,Radiactivos.
3330,"MATERIALES RADIACTIVOS, BULTOS DEL TIPO C, FISIONABLES",7,,Radiactivos.
3331,"MATERIALES RADIACTIVOS, TRANSPORTADOS EN VIRTUD DE ARREGLOS ESPECIALES, FISIONABLES",7,,Radiactivos.
3332,"MATERIALES RADIACTIVOS, BULTOS DEL TIPO A, EN FORMA ESPECIAL, no fisionables o fisionables exceptuados",7,,Radiactivos.
3333,"MATERIALES RADIACTIVOS, BULTOS DEL TIPO A, EN FORMA ESPECIAL, FISIONABLES",7,,Radiactivos.
3334,"LÍQUIDO REGULADO PARA AVIACIÓN, N.E.P.",9,,Radiactivos.
3335,"SÓLIDO REGULADO PARA AVIACIÓN, N.E.P.",9,,Radiactivos.
3336,"MERCAPTANOS, LÍQUIDOS, INFLAMABLES, N.E.P., o MERCAPTANOS EN MEZCLA, LÍQUIDA, INFLAMABLE, N.E.P.",3,,Substancias que durante el transporte presentan un riesgo distinto de los correspondientes a las clases 1 a 8.
3337,GAS REFRIGERANTE R 404A,2.2,,Substancias que durante el transporte presentan un riesgo distinto de los correspondientes a las clases 1 a 8.
3338,GAS REFRIGERANTE R 407A,2.2,,Líquidos inflamables.
3339,GAS REFRIGERANTE R 407B,2.2,,
3340,GAS REFRIGERANTE R 407C,2.2,,
3341,DIÓXIDO DE TIOUREA,4.2,,
3342,XANTATOS,4.2,,
3343,"NITROGLICERINA EN MEZCLA, DESENSIBILIZADA, LÍQUIDA, INFLAMABLE, N.E.P., con un máximo del 30%, en masa, de nitroglicerina",3,,
3344,"TETRANITRATO DE PENTAERITRITA (TETRANITRATO DE PENTAERITRITOL; PENTRITA; TNPE), EN MEZCLA, DESENSIBILIZADO, SÓLIDO, N.E.P., con más del 10% pero no más del 20%, en masa, de TNPE",4.1,,Solidos inflamables de reacción espontanea.
3345,"PLAGUICIDA DERIVADO DEL ÁCIDO FENOXIACÉTICO, SÓLIDO, TÓXICO",6.1,,Líquidos inflamables.
3346,"PLAGUICIDA DERIVADO DEL ÁCIDO FENOXIACÉTICO, LÍQUIDO, INFLAMABLE, TÓXICO, de punto de inflamación inferior a 23°C",3,6.1,Solidos que se inflaman con facilidad o pueden provocar o activar incendios por fricción.
3347,"PLAGUICIDA DERIVADO DEL ÁCIDO FENOXIACÉTICO, LÍQUIDO, TÓXICO, INFLAMABLE, de punto de inflamación igual o superior a 23°C",6.1,3,Tóxicos
3348,"PLAGUICIDA DERIVADO DEL ÁCIDO FENOXIACÉTICO, LÍQUIDO, TÓXICO",6.1,,Líquidos inflamables.
3349,"PLAGUICIDA PIRETROIDEO, SÓLIDO, TÓXICO",6.1,,Tóxicos
3350,"PLAGUICIDA PIRETROIDEO, LÍQUIDO, INFLAMABLE, TÓXICO, de punto de inflamación inferior a 23°C",3,6.1,Tóxicos
3351,"PLAGUICIDA PIRETROIDEO, LÍQUIDO, TÓXICO, INFLAMABLE, de punto de inflamación no inferior a 23°C",6.1,3,Tóxicos
3352,"PLAGUICIDA PIRETROIDEO, LÍQUIDO, TÓXICO",6.1,,Líquidos inflamables.
3354,"GAS INSECTICIDA, INFLAMABLE, N.E.P.",2.1,,Tóxicos
3355,"GAS INSECTICIDA, TÓXICO, INFLAMABLE, N.E.P.",2.3,2.1,Tóxicos
3356,GENERADOR QUÍMICO DE OXÍGENO,5.1,,Gases inflamables.
3357,"NITROGLICERINA EN MEZCLA, DESENSIBILIZADA, LÍQUIDA, N.E.P., con un máximo del 30%, en masa, de nitroglicerina",3,,Gases tóxicos.
3358,"MÁQUINAS REFRIGERADORAS que contienen gas licuado inflamable, no tóxico",2.1,,
3359,UNIDAD DE TRANSPORTE SOMETIDA A FUMIGACIÓN,9,,Líquidos inflamables.
3360,"FIBRAS DE ORIGEN VEGETAL, SECAS",4.1,,
3361,"CLOROSILANOS TÓXICOS CORROSIVOS, N.E.P",6.1,8,
3362,"CLOROSILANOS TÓXICOS CORROSIVOS INFLAMABLES, N.E.P.",6.1,3\n8,
3363,MERCANCÍAS PELIGROSAS EN LOS ARTÍCULOS o MERCANCÍAS PELIGROSAS EN MAQUINARIA o MERCANCÍAS PELIGROSAS EN APARATOS,9,,Tóxicos
3364,"TRINITROFENOL (ÁCIDO PÍCRICO) UMIDIFICADO1 con un mínimo del 10%, en masa, de agua",4.1,,Tóxicos
3365,"TRINITROCLOROBENCENO (CLORURO DE PICRILO) HUMIDIFICADO con un mínimo del 10%, en masa, de agua",4.1,,
3366,"TRINITROTOLUENO (TNT) HUMIDIFICADO con un mínimo del 10%, en masa, de agua",4.1,,
3367,"TRINITROBENCENO HUMIDIFICADO con un mínimo del 10%, en masa, de agua",4.1,,
3368,"ÁCIDO TRINITROBENZOICO HUMIDIFICADO con un mínimo del 10%, en masa, de agua",4.1,,
3369,"DINITRO-o-CRESOLATO DE SODIO HUMIDIFICADO con un mínimo del 10%, en masa, de agua",4.1,,
3370,"NITRATO DE UREA HUMIDIFICADO con un mínimo del 10%, en masa, de agua",4.1,,
3371,2-METILBUTANAL,3,,
3373,"SUBSTANCIA BIOLÓGICA, CATEGORÍA B",6.2,,
3374,ACETILENO EXENTO DE DISOLVENTE,2.1,,
3375,"NITRATO DE AMONIO, EN EMULSIÓN, EN SUSPENSIÓN o GEL, explosivos intermediarios para voladuras",5.1,,Agentes infecciosos.
3376,"4-NITROFENILHIDRAZINA con un mínimo del 30%, en masa, de agua",4.1,,
3377,PERBORATO DE SODIO MONOHIDRATADO,5.1,,
3378,CARBONATO DE SODIO PEROXIHIDRATADO,5.1,,
3379,"EXPLOSIVO DESENSIBILIZADO, LÍQUIDO, N.E.P.",3,,
3380,"EXPLOSIVO DESENSIBILIZADO, SÓLIDO, N.E.P.",4.1,,
3381,"LÍQUIDO TÓXICO POR INHALACIÓN, N.E.P., con una CL50 inferior o igual a 200 ml/m3 y con concentración saturada de vapor superior o igual a 500 CL50",6.1,,Líquidos inflamables.
3382,"LÍQUIDO TÓXICO POR INHALACIÓN, N.E.P., con una CL50 inferior o igual a 1000 ml/m3 y con concentración saturada de vapor superior o igual a 10 CL50",6.1,,Solidos que se inflaman con facilidad o pueden provocar o activar incendios por fricción.
3383,"LÍQUIDO TÓXICO POR INHALACIÓN, INFLAMABLE, N.E.P., con una CL50 inferior o igual a 200 ml/m3 y con concentración de vapor saturado superior o igual a 500 CL50",6.1,3,Tóxicos
3384,"LÍQUIDO TÓXICO POR INHALACIÓN, INFLAMABLE, N.E.P., con una CL50 inferior o igual a 1000 ml/m3 y con concentración de vapor saturado superior o igual a 10 CL50",6.1,3,Tóxicos
3385,"LÍQUIDO TÓXICO POR INHALACIÓN, HIDRORREACTIVO, N.E.P., con una CL50 inferior o igual a 200 ml/m3 y con concentración de vapor saturado superior o igual a 500 CL50",6.1,4.3,Tóxicos
3386,"LÍQUIDO TÓXICO POR INHALACIÓN, HIDRORREACTIVO, N.E.P., con una CL50 inferior o igual a 1000 ml/m3 y con concentración de vapor saturado superior o igual a 10 CL50",6.1,4.3,Tóxicos
3387,"LÍQUIDO TÓXICO POR INHALACIÓN, COMBURENTE, N.E.P., con una CL50 inferior o igual a 200 ml/m3 y con concentración de vapor saturado superior o igual a 500 CL50",6.1,5.1,Tóxicos
3388,"LÍQUIDO TÓXICO POR INHALACIÓN, COMBURENTE, N.E.P., con una CL50 inferior o igual a 1000 ml/m3 y con concentración de vapor saturado superior o igual a 10 CL50",6.1,5.1,Tóxicos
3389,"LÍQUIDO TÓXICO POR INHALACIÓN, CORROSIVO, N.E.P., con una CL50 inferior o igual a 200 ml/m3 y con concentración de vapor saturado superior o igual a 500 CL50",6.1,8,Tóxicos
3390,"LÍQUIDO TÓXICO POR INHALACIÓN, CORROSIVO, N.E.P., con una CL50 inferior o igual a 1000 ml/m3 y con concentración de vapor saturado superior o igual a 10 CL50",6.1,8,Tóxicos
3391,"SUBSTANCIA ORGANOMETÁLICA, SÓLIDA, PIROFÓRICA",4.2,,Tóxicos
3392,"SUBSTANCIA ORGANOMETÁLICA, LÍQUIDA, PIROFÓRICA",4.2,,Tóxicos
3393,"SUBSTANCIA ORGANOMETÁLICA, SÓLIDA, PIROFÓRICA, HIDRORREACTIVA",4.2,4.3,Solidos inflamables de reacción espontanea.
3394,"SUBSTANCIA ORGANOMETÁLICA, LÍQUIDA, PIROFÓRICA, HIDRORREACTIVA",4.2,4.3,Solidos inflamables de reacción espontanea.
3395,"SUBSTANCIA ORGANOMETÁLICA, SÓLIDA, HIDRORREACTIVA",4.3,,Solidos inflamables de reacción espontanea.
3396,"SUBSTANCIA ORGANOMETÁLICA, SÓLIDA, HIDRORREACTIVA, INFLAMABLE",4.3,4.1,Solidos inflamables de reacción espontanea.
3397,"SUBSTANCIA ORGANOMETÁLICA, SÓLIDA, HIDRORREACTIVA, QUE EXPERIMENTA CALENTAMIENTO ESPONTÁNEO",4.3,4.2,Substancias que en contacto con el agua desprenden gases inflamables.
3398,"SUBSTANCIA ORGANOMETÁLICA, LÍQUIDA, HIDRORREACTIVA",4.3,,Substancias que en contacto con el agua desprenden gases inflamables.
3399,"SUBSTANCIA ORGANOMETÁLICA, LÍQUIDA, HIDRORREACTIVA, INFLAMABLE",4.3,3,Substancias que en contacto con el agua desprenden gases inflamables.
3400,"SUBSTANCIA ORGANOMETÁLICA, SÓLIDA, QUE EXPERIMENTA CALENTAMIENTO ESPONTÁNEO",4.2,,Substancias que en contacto con el agua desprenden gases inflamables.
3401,"METALES ALCALINOS, AMALGAMA SÓLIDA DE",4.3,,Substancias que en contacto con el agua desprenden gases inflamables.
3402,"METALES ALCALINOTÉRREOS, AMALGAMA SÓLIDA DE",4.3,,Solidos inflamables de reacción espontanea.
3403,"POTASIO, ALEACIONES METÁLICAS SÓLIDAS DE",4.3,,Substancias que en contacto con el agua desprenden gases inflamables.
3404,"POTASIO Y SODIO, ALEACIONES SÓLIDAS DE",4.3,,Substancias que en contacto con el agua desprenden gases inflamables.
3405,CLORATO DE BARIO EN SOLUCIÓN,5.1,6.1,
3406,PERCLORATO DE BARIO EN SOLUCIÓN,5.1,6.1,
3407,"CLORATO Y CLORURO DE MAGNESIO EN SOLUCIÓN, MEZCLA DE",5.1,,
3408,PERCLORATO DE PLOMO EN SOLUCIÓN,5.1,6.1,
3409,CLORONITROBENCENOS LÍQUIDOS,6.1,,
3410,CLORHIDRATO DE 4- CLORO-o-TOLUIDINA EN SOLUCIÓN,6.1,,
3411,beta-NAFTILAMINA EN SOLUCIÓN,6.1,,
3412,"ÁCIDO FÓRMICO con un mínimo del 10% pero no más del 85%, en masa, de ácido",8,,
3413,CIANURO DE POTASIO EN SOLUCIÓN,6.1,,
3414,CIANURO DE SODIO EN SOLUCIÓN,6.1,,
3415,FLUORURO DE SODIO EN SOLUCIÓN,6.1,,
3416,CLOROACETOFENONA LÍQUIDA,6.1,,
3417,"BROMURO DE XILILO, SÓLIDO",6.1,,
3418,"TOLUILEN-2,4 -DIAMINA EN SOLUCIÓN",6.1,,
3419,"TRIFLUORURO DE BORO Y ÁCIDO ACÉTICO, COMPLEJO SÓLIDO DE",8,,
3420,"TRIFLUORURO DE BORO Y ÁCIDO PROPIÓNICO, COMPLEJO SÓLIDO DE",8,,
3421,HIDRÓGENODIFLUORURO DE POTASIO EN SOLUCIÓN,8,6.1,
3422,FLUORURO DE POTASIO EN SOLUCIÓN,6.1,,
3423,HIDRÓXIDO DE TETRAMETILAMONIO SÓLIDO,8,,
3424,DINITRO-o-CRESOLATO DE AMONIO EN SOLUCIÓN,6.1,,
3425,ÁCIDO BROMOACÉTICO SÓLIDO,8,,
3426,ACRILAMIDA EN SOLUCIÓN,6.1,,
3427,"CLORUROS DE CLOROBENCILO, SÓLIDOS",6.1,,
3428,"ISOCIANATO DE 3-CLORO- 4-METILFENILO, SÓLIDO",6.1,,
3429,CLOROTOLUIDINAS LÍQUIDAS,6.1,,
3430,XILENOLES LÍQUIDOS,6.1,,
3431,NITROBENZOTRIFLUORURO S SÓLIDOS,6.1,,
3432,DIFENILOS POLICLORADOS SÓLIDOS,9,,
3434,NITROCRESOLES LÍQUIDOS,6.1,,
3436,"HIDRATO DE HEXAFLUOROACETONA, SÓLIDO",6.1,,
3437,CLOROCRESOLES SÓLIDOS,6.1,,
3438,ALCOHOL alfa- METILBENCÍLICO SÓLIDO,6.1,,
3439,"NITRILOS SÓLIDOS TÓXICOS, N.E.P.",6.1,,
3440,"SELENIO, COMPUESTO DE, LÍQUIDO, N.E.P.",6.1,,
3441,CLORODINITROBENCENOS SÓLIDOS,6.1,,
3442,DICLOROANILINAS SÓLIDAS,6.1,,Tóxicos
3443,DINITROBENCENOS SÓLIDOS,6.1,,Tóxicos
3444,CLORHIDRATO DE NICOTINA SÓLIDO,6.1,,
3445,SULFATO DE NICOTINA SÓLIDO,6.1,,
3446,NITROTOLUENOS SÓLIDOS,6.1,,
3447,NITROXILENOS SÓLIDOS,6.1,,
3448,"GASES LACRIMÓGENOS, SUBSTANCIA SÓLIDA PARA LA FABRICACIÓN DE, N.E.P.",6.1,,
3449,CIANUROS DE BROMOBENCILO SÓLIDOS,6.1,,
3450,DIFENILCLOROARSINA SÓLIDA,6.1,,
3451,TOLUIDINAS SÓLIDAS,6.1,,Tóxicos
3452,XILIDINAS SÓLIDAS,6.1,,
3453,ÁCIDO FOSFÓRICO SÓLIDO,8,,
3454,DINITROTOLUENOS SÓLIDOS,6.1,,
3455,CRESOLES SÓLIDOS,6.1,8,
3456,ÁCIDO NITROSILSULFÚRICO SÓLIDO,8,,
3457,CLORONITROTOLUENOS SÓLIDOS,6.1,,
3458,NITROANISOLES SÓLIDOS,6.1,,
3459,NITROBROMOBENCENOS SÓLIDOS,6.1,,
3460,N-ETILBENCILTOLUIDINAS SÓLIDAS,6.1,,
3462,"TOXINAS EXTRAÍDAS DE UN MEDIO VIVO, SÓLIDAS, N.E.P.",6.1,,
3463,"ÁCIDO PROPIÓNICO con un mínimo del 90%, en masa, de ácido",8,3,
3464,"COMPUESTO ORGANOFOSFORADO SÓLIDO TÓXICO, N.E.P.",6.1,,
3465,"COMPUESTO ORGANOARSENICAL, SÓLIDO, N.E.P.",6.1,,Tóxicos
3466,"CARBONILOS METÁLICOS, SÓLIDOS, N.E.P.",6.1,,
3467,"COMPUESTO ORGANOMETÁLICO SÓLIDO TÓXICO, N.E.P.",6.1,,Tóxicos
3468,HIDRÓGENO EN UN DISPOSITIVO DE ALMACENAMIENTO CON HIDRURO METÁLICO o HIDRÓGENO EN UN DISPOSITIVO DE ALMACENAMIENTO CON HIDRURO METÁLICO INSTALADO EN UN EQUIPO o HIDRÓGENO EN UN DISPOSITIVO DE ALMACENAMIENTO CON HIDRURO METÁLICO EMBALADO CON UN EQUIPO,2.1,,Tóxicos
3469,"PINTURAS INFLAMABLES, CORROSIVAS (incluidas pinturas, lacas, esmaltes, colorantes, goma laca, barnices, bruñidores, encáusticos, apresto líquido y bases líquidas para lacas) o PRODUCTOS INFLAMABLES CORROSIVOS PARA PINTURA (incluidos disolventes y diluyentes para pinturas)",3,8,Tóxicos
3470,"PINTURAS CORROSIVAS, INFLAMABLES (incluidas pinturas, lacas, esmaltes, colorantes, goma laca, barnices, bruñidores, encáusticos, apresto líquido y bases líquidas para lacas) o PRODUCTOS CORROSIVOS INFLAMABLES PARA PINTURA (incluidos disolventes y diluyentes para pinturas)",8,3,Tóxicos
3471,"HIDROGENODIFLUORUROS EN SOLUCIÓN, N.E.P.",8,6.1,
3472,ÁCIDO CROTÓNICO LÍQUIDO,8,,
3473,"CARTUCHOS PARA PILAS DE COMBUSTIBLE o CARTUCHOS PARA PILAS DE COMBUSTIBLE INSTALADOS EN UN EQUIPO o CARTUCHOS PARA PILAS DE COMBUSTIBLE EMBALADOS CON UN EQUIPO, que contienen líquidos inflamables",3,,
3474,1-HIDROXIBENZOTRIAZOL MONOHIDRATADO,4.1,,Corrosivos.
3475,"ETANOL Y GASOLINA, MEZCLA DE, o MEZCLA DE ETANOL Y COMBUSTIBLE PARA MOTORES con más del 10% de etanol",3,,
3476,"CARTUCHOS PARA PILAS DE COMBUSTIBLE o CARTUCHOS PARA PILAS DE COMBUSTIBLE INSTALADOS EN UN EQUIPO o CARTUCHOS PARA PILAS DE COMBUSTIBLE CONTENIDOS EN UN EQUIPO, que contienen substancias que reaccionan con el agua",4.3,,
3477,"CARTUCHOS PARA PILAS DE COMBUSTIBLE o CARTUCHOS PARA PILAS DE COMBUSTIBLE INSTALADOS EN UN EQUIPO o CARTUCHOS PARA PILAS DE COMBUSTIBLE EMBALADOS CON UN EQUIPO, que contienen substancias corrosivas",8,,
3478,"CARTUCHOS PARA PILAS DE COMBUSTIBLE o CARTUCHOS PARA PILAS DE COMBUSTIBLE INSTALADOS EN UN EQUIPO o CARTUCHOS PARA PILAS DE COMBUSTIBLE EMBALADOS CON UN EQUIPO, que contienen gas licuado inflamable",2.1,,
3479,"CARTUCHOS PARA PILAS DE COMBUSTIBLE o CARTUCHOS PARA PILAS DE COMBUSTIBLE INSTALADOS EN UN EQUIPO o CARTUCHOS PARA PILAS DE COMBUSTIBLE CONTENIDOS EN UN EQUIPO, que contienen hidrógeno en un hidruro metálico",2.1,,
3480,BATERÍAS DE IÓN LITIO (incluidas las baterías poliméricas de ión litio),9,,
3481,BATERÍAS DE IÓN LITIO INSTALADAS EN UN EQUIPO o BATERÍAS DE IÓN LITIO EMBALADAS CON UN EQUIPO (incluidas las baterías poliméricas de ión litio),9,,
3482,"METALES ALCALINOS, DISPERSIÓN DE, INFLAMABLE o METALES ALCALINOTÉRREOS, DISPERSIÓN DE, INFLAMABLE",4.3,3,
3483,"MEZCLA ANTIDETONANTE PARA COMBUSTIBLES DE MOTORES, INFLAMABLE",6.1,3,
3484,"HIDRAZINA EN SOLUCIÓN ACUOSA, INFLAMABLE, con más del 37%, en masa, de hidrazina",8,3\n6.1,
3485,"HIPOCLORITO DE CALCIO SECO, CORROSIVO o HIPOCLORITO DE CALCIO EN MEZCLA SECA, CORROSIVO, con más del 39% de cloro activo (8,8% de oxígeno activo)",5.1,8,
3486,"HIPOCLORITO DE CALCIO EN MEZCLA SECA, CORROSIVO, con más del 10% pero no más del 39% de cloro activo",5.1,8,
3487,"HIPOCLORITO CÁLCICO HIDRATADO EN MEZCLA, CORROSIVO, con un mínimo del 5,5% pero no más del 16% de agua",5.1,8,
3487,"HIPOCLORITO DE CALCIO, HIDRATADO, CORROSIVO o HIPOCLORITO DE CALCIO HIDRATADO EN MEZCLA, CORROSIVO, con no menos del 5,5% pero no más del 16% de agua",5.1,8,
3488,"LÍQUIDO TÓXICO POR INHALACIÓN, INFLAMABLE, CORROSIVO, N.E.P., con una CL50 inferior o igual a 200 ml/m3 y con concentración de vapor saturado superior o igual a 500 CL50",6.1,3\n8,
3489,"LÍQUIDO TÓXICO POR INHALACIÓN, INFLAMABLE, CORROSIVO, N.E.P., con una CL50 inferior o igual a 1000 ml/m3 y con concentración de vapor saturado superior o igual a 10 CL50",6.1,3\n8,
3490,"LÍQUIDO TÓXICO POR INHALACIÓN, HIDRORREACTIVO, INFLAMABLE, N.E.P., con una CL50 inferior o igual a 200 ml/m3 y con concentración de vapor saturado superior o igual a 500 CL50",6.1,4.3\n3,
3491,"LÍQUIDO TÓXICO POR INHALACIÓN, HIDRORREACTIVO, INFLAMABLE, N.E.P., con una CL50 inferior o igual a 1000 ml/m3 y con concentración de vapor saturado superior o igual a 10 CL50",6.1,4.3\n3,
3494,"PETRÓLEO BRUTO ÁCIDO, INFLAMABLE, TÓXICO",3,6.1,
3495,YODO,8,6.1,
3496,BATERÍAS DE NÍQUEL- HIDRURO METÁLICO,9,,
3497,HARINA DE KRILL,4.2,,
3498,MONOCLORURO DE YODO LÍQUIDO,8,,
3499,"CONDENSADOR ELÉCTRICO DE DOBLE CAPA (con una capacidad de almacenamiento de energía superior a 0,3 Wh)",9,,
3500,"PRODUCTO QUÍMICO A PRESIÓN, N.E.P.",2.2,,
3501,"PRODUCTO QUÍMICO A PRESIÓN, INFLAMABLE, N.E.P.",2.1,,
3502,"PRODUCTO QUÍMICO A PRESIÓN, TÓXICO, N.E.P.",2.2,6.1,
3503,"PRODUCTO QUÍMICO A PRESIÓN, CORROSIVO, N.E.P.",2.2,8,
3504,"PRODUCTO QUÍMICO A PRESIÓN, INFLAMABLE, TÓXICO, N.E.P.",2.1,6.1,
3505,"PRODUCTO QUÍMICO A PRESIÓN, INFLAMABLE, CORROSIVO, N.E.P.",2.1,8,
3506,MERCURIO CONTENIDO EN OBJETOS MANUFACTURADOS,8,6.1,
3507,"HEXAFLUORURO DE URANIO, MATERIALES RADIACTIVOS, BULTOS EXCEPTUADOS, menos de 0,1 kg por bulto, no fisionable o fisionable exceptuado",6.1,7\n8,
3508,"CONDENSADOR ASIMÉTRICO (con una capacidad de almacenamiento de energía superior a 0,3 Wh)",9,,
3509,"EMBALAJES/ENVASES DESECHADOS, VACÍOS, SIN LIMPIAR",9,,
3510,"GAS ADSORBIDO INFLAMABLE, N.E.P.",2.1,,
3511,"GAS ADSORBIDO, N.E.P.",2.2,,
3512,"GAS ADSORBIDO TÓXICO, N.E.P.",2.3,,
3513,"GAS ADSORBIDO COMBURENTE, N.E.P.",2.2,5.1,
3514,"GAS ADSORBIDO TÓXICO, INFLAMABLE, N.E.P.",2.3,2.1,
3515,"GAS ADSORBIDO TÓXICO, COMBURENTE, N.E.P.",2.3,5.1,
3516,"GAS ADSORBIDO TÓXICO, CORROSIVO, N.E.P.",2.3,8,
3517,"GAS ADSORBIDO TÓXICO, INFLAMABLE, CORROSIVO, N.E.P.",2.3,2.1\n8,
3518,"GAS ADSORBIDO TÓXICO, COMBURENTE, CORROSIVO, N.E.P.",2.3,5.1\n8,
3519,TRIFLUORURO DE BORO ADSORBIDO,2.3,8,
3520,CLORO ADSORBIDO,2.3,5.1\n8,
3521,TETRAFLUORURO DE SILICIO ADSORBIDO,2.3,8,
3522,ARSINA ADSORBIDA,2.3,2.1,
3523,GERMANO ADSORBIDO,2.3,2.1,
3524,PENTAFLUORURO DE FÓSFORO ADSORBIDO,2.3,8,
3525,FOSFANO ADSORBIDO,2.3,2.1,
3526,SELENIURO DE HIDRÓGENO ADSORBIDO,2.3,2.1,
3527,"BOLSA DE RESINA POLIESTÉRICA, material básico sólido",4.1,,
3528,MOTOR DE COMBUSTIÓN INTERNA PROPULSADO POR LÍQUIDO INFLAMABLE o MOTOR CON PILA DE COMBUSTIBLE PROPULSADO POR LÍQUIDO INFLAMABLE o MAQUINARIA DE COMBUSTIÓN INTERNA PROPULSADA POR LÍQUIDO INFLAMABLE o MAQUINARIA CON PILA DE COMBUSTIBLE PROPULSADA POR LÍQUIDO INFLAMABLE,3,,
3529,MOTOR DE COMBUSTIÓN INTERNA PROPULSADO POR GAS INFLAMABLE o MOTOR CON PILA DE COMBUSTIBLE PROPULSADO POR GAS INFLAMABLE o MAQUINARIA DE COMBUSTIÓN INTERNA PROPULSADA POR GAS INFLAMABLE o MAQUINARIA CON PILA DE COMBUSTIBLE PROPULSADA POR GAS INFLAMABLE,2.1,,
3530,MOTOR DE COMBUSTIÓN INTERNA o MAQUINARIA DE COMBUSTIÓN INTERNA,9,,
3531,"SUBSTANCIA POLIMERIZANTE, SÓLIDA, ESTABILIZADA, N.E.P.",4.1,,
3532,"SUBSTANCIA POLIMERIZANTE, LÍQUIDA, ESTABILIZADA, N.E.P.",4.1,,
3533,"SUBSTANCIA POLIMERIZANTE, SÓLIDA, CON TEMPERATURA REGULADA, N.E.P.",4.1,,
3534,"SUBSTANCIA POLIMERIZANTE, LÍQUIDA, CON TEMPERATURA REGULADA, N.E.P.",4.1,,
3535,"SÓLIDO TÓXICO, INFLAMABLE, INORGÁNICO, N.E.P.",6.1,4.1,
3536,BATERÍAS DE LITIO INSTALADAS EN LA UNIDAD DE TRANSPORTE baterías de ión litio o baterías de litio metálico,9,,
3537,"ARTÍCULOS QUE CONTIENEN GASES INFLAMABLES, N.E.P.",2.1,Véase(1),
3538,"ARTÍCULOS QUE CONTIENEN GASES NO INFLAMABLES, NO TÓXICOS, N.E.P.",2.2,Véase1,
3539,"ARTÍCULOS QUE CONTIENEN GASES TÓXICOS, N.E.P.",2.3,Véase1,
3540,"ARTÍCULOS QUE CONTIENEN LÍQUIDOS INFLAMABLES, N.E.P.",3,Véase1,
3541,"ARTÍCULOS QUE CONTIENEN SÓLIDOS INFLAMABLES, N.E.P.",4.1,Véase1,
3542,"ARTÍCULOS QUE CONTIENEN SUBSTANCIAS QUE PRESENTAN RIESGO DE COMBUSTIÓN ESPONTÁNEA, N.E.P.",4.2,Véase1,
3543,"ARTÍCULOS QUE CONTIENEN SUBSTANCIAS QUE DESPRENDEN GASES INFLAMABLES EN CONTACTO CON EL AGUA, N.E.P.",4.3,Véase1,
3544,"ARTÍCULOS QUE CONTIENEN SUBSTANCIAS COMBURENTES, N.E.P.",5.1,Véase1,
3545,"ARTÍCULOS QUE CONTIENEN PERÓXIDOS ORGÁNICOS, N.E.P.",5.2,Véase1,
3546,"ARTÍCULOS QUE CONTIENEN SUBSTANCIAS TÓXICAS, N.E.P.",6.1,Véase1,
3547,"ARTÍCULOS QUE CONTIENEN SUBSTANCIAS CORROSIVAS, N.E.P.",8,Véase1,
3548,"ARTÍCULOS QUE CONTIENEN MERCANCÍAS PELIGROSAS DIVERSAS, N.E.P.",9,Véase1,
3549,"DESECHOS MÉDICOS, DE CATEGORÍA A, QUE AFECTAN A LAS PERSONAS, sólidos o DESECHOS MÉDICOS DE CATEGORÍA A, QUE AFECTAN A LOS ANIMALES únicamente, sólidos",6.2,,
3550,"POLVO DE DIHIDRÓXIDO DE COBALTO, que contenga no menos del 10% de partículas respirables",6.1,,
